Name, City, State, Zip, Certified, Beds
Abbeville Area Medical Center, Abbeville, SC, 29620, 10/1/04, 25
Abraham Lincoln Memorial Hospital, Lincoln, IL, 62656, 2/1/03, 25
Abrom Kaplan Memorial Hospital, Kaplan, LA, 70548, 8/1/05, 23
Acadia-St. Landry Hospital, Church Point, LA, 70525, 11/1/04, 23
Adair County Memorial, Greenfield, IA, 50849-, 12/1/00, 25
Adams County Regional Medical Center, Seaman, OH, 45679, 10/1/04, 25
Adams Memorial Hospital, Decatur, IN, 46733, 11/1/05, 25
Adena Greenfield Area Medical Center, Greenfield, OH, 45123, 6/1/01, 25
Adena Pike Community Hospital, Waverly, OH, 45690, 12/31/05, 25
Advocate Eureka Hospital, Eureka, IL, 61530-1246, 1/1/01, 25
Aledo Genesis Hospital, Aledo, IL, 61231, 5/1/00, 25
Alegent Health Community Memorial Hospital, Missouri Valley, IA, 51555, 8/1/00, 25
Alegent Health Mercy Hospital, Corning, IA, 50841, 7/1/00, 25
Alice Peck Day Memorial Hospital, Lebanon, NH, 03766, 8/1/03, 25
Allegan General Hospital, Allegan, MI, 49010, 10/18/05, 25
Alleghany Memorial Hospital, Sparta, NC, 28675, 2/1/05, 25
Allen County Regional Hospital, Iola, KS, 66749, 9/1/04, 25
Allendale County Hospital, Fairfax, SC, 29827, 10/1/01, 25
Amery Hospital and Clinic, Amery, WI, 54001, 11/2/00, 25
Anderson County Hospital, Garnett, KS, 66032, 9/1/99, 25
Androscoggin Valley Hospital, Berlin, NH, 03570, 12/31/04, 25
Angel Medical Center, Franklin, NC, 28734, 2/27/09, 25
Annie Jeffrey Memorial Hospital, Osceola, NE, 68651, 3/1/00, 21
Antelope Memorial Hospital, Neligh, NE, 68756, 5/1/00, 25
Appleton Municipal Hospital, Appleton, MN, 56208, 8/1/02, 15
Arbuckle Memorial Hospital, sulphur, OK, 73086, 11/4/04, 25
ARH Our Lady of the Way, Martin, KY, 41649, 12/1/00, 25
Arkansas Valley Regional Medical Center, La Junta, CO, 81050, 10/28/16, 25
Ascension Calumet Hospital, Chilton, WI, 53014, 11/2/01, 12
Ascension Eagle River Hospital, Eagle River, WI, 54521, 10/1/99, 10
Ascension Good Samaritan Hospital, Merrill, WI, 54452, 7/1/04, 14
Ascension Our Lady of Victory Hospital, Stanley, WI, 54768, 3/7/01, 14
Ascension Sacred Heart Hospital, Tomahawk, WI, 54487, 5/1/01, 6
Ashe Memorial Hospital, Jefferson, NC, 28640, 9/1/07, 25
Ashland Health Center, Ashland, KS, 67831, 1/1/95, 25
Ashley County Medical Center, Crossett, AR, 71635, 10/1/04, 25
Ashley Medical Center – CAH, Ashley, ND, 58413, 11/1/01, 20
Aspen Valley Hospital, Aspen, CO, 81611, 9/1/04, 25
Aspirus Langlade Hospital, Antigo, WI, 54409, 2/1/05, 25
Aspirus Medford Hospital &amp; Clinics, Medford, WI, 54451, 6/10/02, 25
Assumption Community Hospital, Napoleanville, LA, 70390, 5/25/01, 15
Atchison Hospital, Atchison, KS, 66002, 12/1/05, 25
Athol Memorial Hospital, Athol, MA, 01331-3598, 12/1/05, 25
Atoka County Medical Center, Atoka, OK, 74525, 1/1/99, 25
Audubon County Memorial Hospital, Audubon, IA, 50025-1052, 12/1/01, 25
Aultman Orrville Hospital, Orrville, OH, 44667, 6/1/04, 25
Avera Dells Area Hospital, Dell Rapids, SD, 57022, 7/1/03, 23
Avera DeSmet Memorial Hospital, Desmet, SD, 57231, 7/1/03, 17
Avera Flandreau Hospital, Flandreau, SD, 57028, 1/1/99, 18
Avera Gettysburg Hospital, Gettysburg, SD, 57442, 10/1/99, 10
Avera Gregory Healthcare Center, Gregory, SD, 57533, 12/22/05, 25
Avera Hand County Memorial Hospital, Miller, SD, 57362, 7/1/05, 25
Avera Holy Family Hospital, Estherville, IA, 51334, 8/1/03, 25
Avera Marshall Regional Medical Center, Marshall, MN, 56258, 11/1/04, 25
Avera St. Benedict Health Center, Parkston, SD, 57366, 7/1/03, 25
Avera St.Anthony’s Hospital, O' Neill, NE, 68763, 7/1/00, 25
Avera Tyler Hospital, Tyler, MN, 56178, 9/1/03, 15
Avera Weskota Memorial Hospital, Wessington Springs, SD, 57382, 10/1/01, 25
Bacon County Hospital, Alma, GA, 31510, 7/1/02, 25
Ballinger Memorial Hospital, Ballinger, TX, 76821, 8/1/00, 25
Banner Churchill Community Hospital, Fallon, NV, 89406, 10/12/15, 25
Banner Health Page Hospital, Page, AZ, 86040-1447, 3/1/02, 25
Banner Lassen Medical Center, Susanville, CA, 96130, 7/11/05, 25
Banner Payson Medical Center, Payson, AZ, 85541, 7/23/18, 25
Baptist Health Medical Center – Heber Springs, Heber Springs, AR, 72543, 4/1/01, 25
Baptist Health Medical Center-Arkadelphia, Arkadelphia, AR, 71923, 7/1/04, 25
Baptist Medical Center of Leake, Carthage, MS, 39051, 1/1/04, 25
Baptist Medical Center Yazoo, Yazoo City, MS, 39194, 10/1/03, 25
Baptist Memorial Hospital-Calhoun, Calhoun City, MS, 38916, 3/13/09, 21
Baptist Memorial – Lauderdale, Ripley, TN, 38063-9701, 10/1/05, 25
Baraga County Memorial Hospital, L'anse, MI, 49946, 5/3/00, 24
Barbourville ARH, Barbourville, KY, 40906, 12/1/05, 25
Barnes-Kassen County Hospital, Susquehanna, PA, 18847, 8/1/05, 25
Barnesville Hospital Association, Barnesville, OH, 43713, 7/1/04, 25
Barrett Hospital and Healthcare, Dillon, MT, 59725-3597, 7/1/01, 20
Barton County Memorial Hospital, Lamar, MO, 64759, 5/1/05, 25
Bath County Community Hospital Inc., Hot Springs, VA, 24445, 1/18/01, 25
Battle Mountain General Hospital, Battle Mountain, NV, 89820, 2/1/01, 7
Baum Harmon Memorial Hospital, Primghar, IA, 51245, 11/30/99, 14
Baylor Scott &amp; White-Taylor, Taylor, TX, 76574, 12/20/05, 25
Bayside Community Hospital, Anahuac, TX, 77514, 3/1/01, 14
Bear Lake Memorial Hospital, Montpelier, ID, 83254, 2/5/01, 21
Bear Valley Community Hospital, Big Bear Lake, CA, 92315, 5/24/14, 25
Beartooth Billings Clinic, Red Lodge, MT, 59068, 7/1/02, 22
Beatrice Community Hospital and Health Center, Beatrice, NE, 68310, 12/1/05, 25
Beaver County Memorial Hospital, Beaver, OK, 73932, 8/1/03, 24
Beaver Valley Hospital, Beaver, UT, 84713, 7/20/16, 24
Bell Hospital, Ishpeming, MI, 49849, 10/1/04, 25
Bellin Health Oconto Hospital &amp; Clinic, Oconto, WI, 54153, 11/18/05, 4
Belmond Community Hospital, Belmond, IA, 50421, 1/1/00, 25
Benewah Community Hospital, St. Maries, ID, 83861, 7/1/01, 19
Bennett County Hospital, Martin, SD, 57551, 7/1/00, 20
Benson Hospital, Benson, AZ, 85602, 1/1/02, 22
Bienville Medical Center, Arcadia, LA, 71001, 1/19/05, 21
Big Bend Regional Medical Center, Alpine, TX, 79830, 7/22/08, 25
Big Fork Valley Hospital, Bigfork, MN, 56628-0258, 9/1/01, 20
Big Horn County Memorial Hospital, Hardin, MT, 59034, 6/1/04, 25
Big Sandy Medical Center, Big Sandy, MT, 59520, 10/1/99, 8
Biggs-Gridley Memorial Hospital, Gridley, CA, 95948, 7/5/02, 25
Bingham Memorial Hospital, Blackfoot, ID, 83221-1799, 1/1/04, 25
Black River Memorial Hospital, Black River Falls, WI, 54615, 2/5/04, 25
Bladen County Hospital, Elizabethtown, NC, 28337, 10/1/03, 25
Blanchard Valley Regional Health Center, Bluffton, OH, 45817, 5/1/04, 25
Bleckley Memorial Hospital, Cochran, GA, 31014, 10/14/99, 25
Blue Hill Memorial Hospital, Blue Hill, ME, 04614, 12/23/98, 23
Blue Mountain Hospital, Blanding, UT, 84511, 6/30/10, 11
Blue Mountain Hospital, John Day, OR, 97845, 7/30/01, 16
Blue Ridge Regional Hospital, Inc., Spruce Pine, NC, 28777, 11/21/14, 25
Bluegrass Community Hospital, Versailles, KY, 40383, 1/5/01, 25
Bolivar General Hospital, Bolivar, TN, 38008, 7/1/18, 25
Bon Secours Rappahannock General Hospital, Kilmarnock, VA, 22482, 5/1/16, 25
Bonner General Health, Sandpoint, ID, 83864, 10/1/10, 25
Boone County Health Center, Albion, NE, 68620, 8/1/00, 25
Boone County Hospital, Boone, IA, 50036, 9/1/05, 25
Boone Memorial Hospital, Madison, WV, 25130, 2/1/04, 25
Borgess-Lee Memorial Hospital, Dowagiac, MI, 49047, 9/1/02, 25
Boulder City Hospital Inc, Boulder City, NV, 89005, 9/1/05, 20
Boundary Community Hospital, Bonners Ferry, ID, 83805, 4/8/99, 20
Bowdle Hospital, Bowdle, SD, 57428, 1/1/01, 12
Box Butte General Hospital, Alliance, NE, 69301-0810, 1/1/04, 25
Bradley County Medical Center, Warren, AR, 71671, 11/1/05, 25
Braxton County Memorial Hospital, Gassaway, WV, 26624, 7/1/00, 25
Bridgton Hospital, Bridgton, ME, 04009, 1/1/05, 25
Broaddus Hospital, Philippi, WV, 26416, 3/1/99, 25
Broadwater Health Center, Townsend, MT, 59644, 3/1/03, 9
Brodstone Memorial Nuckolls County Hospital, Superior, NE, 68978, 1/1/00, 25
Bronson Lakeview Hospital, Paw Paw, MI, 49079, 12/2/05, 25
Brooks County Hospital, Quitman, GA, 31643, 5/1/03, 25
Brown County Hospital, Ainsworth, NE, 69210, 5/1/00, 25
Buchanan County Health Center, Independence, IA, 50644, 4/1/02, 25
Bucyrus Community Hospital, Bucyrus, OH, 44820, 1/1/03, 25
Buena Vista Regional Memorial Medical Center, Storm Lake, IA, 50588, 11/1/05, 25
Bunkie General Hospital, Bunkie, LA, 71322, 5/1/04, 25
Burgess Health Center, Onawa, IA, 51040, 8/1/04, 25
Burleson St. Joseph Health Center, Caldwell, TX, 77836, 2/29/00, 25
Burnett Medical Center, Grantsburg, WI, 54840, 10/1/03, 17
Butler County Health Care Center, David City, NE, 68632, 7/1/00, 25
Calais Regional Hospital, Calais, ME, 04619, 1/1/01, 25
Caldwell Medical Center, Princeton, KY, 42445, 7/4/04, 25
Calhoun – Liberty Hospital, Blountstown, FL, 32424, 6/5/01, 25
Callaway District Hospital, Callaway, NE, 68825, 8/1/00, 12
Camden General Hospital, Camden, TN, 38320-1617, 12/30/05, 25
Cameron Memorial Community Hospital, Angola, IN, 46703, 2/1/03, 25
Candler County Hospital, Metter, GA, 30439, 10/1/04, 25
Caribou Memorial Hospital, Soda Springs, ID, 83276, 7/1/00, 25
Carilion Giles Community Hospital, Pearisburg, VA, 24134, 10/1/02, 25
Carlinville Area Hospital, Carlinville, IL, 62626, 7/1/05, 25
Carnegie Tri-County Municipal Hospital, Carnegie, OK, 73015, 1/4/06, 22
Caro Community Hospital, Caro, MI, 48723, 11/1/05, 25
Carondelet Holy Cross Hospital, Nogales, AZ, 85621, 8/1/06, 25
Carrington Health Center, Carrington, ND, 58421, 7/1/01, 25
Carroll County Hospital, Carrollton, KY, 41008, 5/1/01, 25
Carroll County Memorial Hospital, Carrollton, MO, 64633, 11/1/05, 25
Carson Valley Medical Center, Gardnerville, NV, 89410, 4/1/04, 23
Carthage Area Hospital, Inc., Carthage, NY, 13619, 7/3/14, 25
Cascade Medical Center, Cascade, ID, 83611, 6/1/00, 10
Cascade Medical Center, Leavenworth, WA, 98826-1316, 1/1/02, 12
Casey County Hospital, Liberty, KY, 42539, 4/15/01, 24
Cass County Memorial Hospital, Atlantic, IA, 50022, 11/1/05, 25
Cass Lake IHS Hospital, Cass Lake, MN, 56633, 9/1/04, 13
Cass Regional Medical Center, Harrisonville, MO, 64701, 4/11/05, 25
Cassia Regional Hospital, Burley, ID, 83318, 10/1/04, 25
Catalina Island Medical Center, Avalon, CA, 90704, 11/30/01, 12
Catskill Regional Medical Center, Callicoon, NY, 12723, 10/1/00, 15
Cavalier County Memorial Hospital, Langdon, ND, 58249, 12/3/01, 25
Cedar County Memorial Hospital, El Dorado Springs, MO, 64744, 5/16/05, 25
CentraCare Health System – Long Prairie, Long Prairie, MN, 56347, 1/1/02, 25
CentraCare Health System – Melrose Hospital, Melrose, MN, 56352, 4/1/02, 25
CentraCare Health System – Sauk Centre, Sauk Centre, MN, 56378, 5/1/05, 25
CentraCare Health – Paynesville, Paynesville, MN, 56362-1496, 12/2/03, 25
Central Community Hospital, Elkader, IA, 52043, 3/1/01, 25
Central Montana Medical Center, Lewistown, MT, 59457, 12/31/07, 25
Central Valley Medical Center, Nephi, UT, 84648, 2/10/04, 19
Centura Health-St. Thomas More Hospital, Canon City, CO, 81212, 11/1/15, 25
Chadron Community Hospital and Health Services, Chadron, NE, 69337, 12/1/00, 25
Charles A. Cannon Jr. Memorial Hospital, Linville, NC, 28604, 12/31/05, 25
Charles A. Dean Memorial Hospital, Greenville, ME, 04441, 4/28/99, 23
Charlesvoix Arear Hospital, Charlevoix, MI, 49720, 1/1/05, 25
Chase County Community Hospital, Imperial, NE, 69033-0819, 7/1/01, 25
Chatham Hospital, Siler City, NC, 27344, 5/1/02, 25
Chatuge Regional Hospital, Hiawassee, GA, 30546, 5/1/02, 25
Cherry County Hospital, Valentine, NE, 69201, 4/1/01, 25
Cheyenne County Hospital, Saint Francis, KS, 67756, 6/26/96, 16
CHI Health-Memorial Hospital, Schuyler, NE, 68661, 4/1/00, 25
CHI Health-Plainview Hospital, Plainview, NE, 68769, 5/1/01, 19
CHI Oakes Hospital, Oakes, ND, 58474-2099, 6/4/01, 20
CHI St Anthony Hospital, Pendleton, OR, 97801, 5/18/04, 25
CHI St. Alexius Health Williston, Williston, ND, 58801, 9/20/08, 25
CHI St. Vincent Morrilton, Morrilton, AR, 72110, 10/1/04, 25
Chicot Memorial Hospital, Lake Village, AR, 71653, 12/1/05, 25
Chillicothe Hospital District, Chillicothe, TX, 79225, 1/24/02, 21
Chippewa County-Montevideo Hospital, Montevideo, MN, 56265, 1/1/02, 25
Chippewa Valley Hospital, Durand, WI, 54736, 8/1/00, 25
Choctaw General Hospital, Butler, AL, 36904, 5/31/12, 25
Choctaw Regional Medical Center, Ackerman, MS, 39735, 4/22/11, 25
Christus Coushatta Health Center, Coushatta, LA, 71019, 7/1/04, 25
Cibola General Hospital, Grants, NM, 87021, 9/1/08, 25
Cimmaron Medical Center, Boise City, OK, 73933, 1/1/00, 20
Citizens Medical Center, Colby, KS, 67701, 9/1/03, 25
Claiborne County Hospital, Port Gibson, MS, 39150, 10/1/04, 25
Clara Barton Hospital, Hoisington, KS, 67544, 3/29/01, 25
Clarinda Regional Health Center, Clarinda, IA, 51632, 9/1/03, 25
Clark Fork Valley Hospital, Plains, MT, 59859-0768, 1/1/02, 16
Clarke County Hospital, Osceola, IA, 50213, 3/1/03, 25
Clay County Hospital, Flora, IL, 62839, 12/21/05, 25
Clay County Medical Center, Clay Center, KS, 67432-0512, 5/1/04, 25
Clay County Memorial Hospital, Henrietta, TX, 76365, 3/1/05, 25
Clearwater Valley Hospital and Clinics, Orofino, ID, 83544, 2/1/03, 23
Cleveland Area Hospital Inc., Cleveland, OK, 74020, 7/1/02, 14
Clifton Fine Hospital, Star Lake, NY, 13690, 9/29/00, 20
Clinch Memorial Hospital, Homerville, GA, 31634, 7/21/00, 25
Clinton Memorial Hospital, St Johns, MI, 48879, 7/1/05, 25
Cloud County Health Center, Concordia, KS, 66901, 10/1/02, 25
Cobre Valley Regional Medical Center, Globe, AZ, 85501, 12/1/06, 25
Cochran Memorial Hospital, Morton, TX, 79346, 12/21/05, 18
Coffey County Hospital, Burlington, KS, 66839, 7/11/17, 25
Cogdell Memorial Hospital, Snyder, TX, 79549, 4/21/15, 25
Coleman County Medical Center, Coleman, TX, 76834, 12/11/03, 25
Collingsworth General Hospital, Wellington, TX, 79095, 4/1/04, 16
Colorado Canyons Hospital and Medical Center, Fruita, CO, 81521, 7/1/99, 10
Colorado River Medical Center, Needles, CA, 92363, 12/1/05, 25
Columbia Basin Hospital, Ephrata, WA, 98823-1973, 4/1/02, 25
Columbia Memorial Hospital, Astoria, OR, 97103, 7/1/04, 25
Columbus Community Hospital, Columbus, WI, 53925, 7/1/04, 25
Comanche County Hospital, Coldwater, KS, 67029, 2/1/97, 14
Comanche County Medical Center, Comanche, TX, 76442, 4/1/12, 25
Community HealthCare System of Southeast Kansas, Onaga, KS, 66521, 4/1/03, 25
Community Hospital, McCook, NE, 69001, 12/1/05, 25
Community Hospital, Torrington, WY, 82240, 12/18/02, 25
Community Hospital and Wellness Centers, Montpelier, OH, 43543, 10/1/04, 25
Community Hospital Association, Fairfax, MO, 64446, 5/1/00, 25
Community Hospital of Anaconda, Anaconda, MT, 59711, 10/1/03, 25
Community Hospital of Bremen, Bremen, IN, 46506, 5/5/99, 24
Community Medical Center, Falls City, NE, 68355, 10/10/01, 25
Community Memorial Healthcare, Marysville, KS, 66508, 10/1/03, 25
Community Memorial Hospital, Burke, SD, 57523, 1/23/97, 16
Community Memorial Hospital, Cloquet, MN, 55720, 1/1/05, 25
Community Memorial Hospital, Hamilton , NY, 13346, 6/10/14, 25
Community Memorial Hospital, Hicksville, OH, 43526, 1/1/01, 25
Community Memorial Hospital, Staunton, IL, 62088, 8/10/00, 25
Community Memorial Hospital, Sumner, IA, 50674-1203, 5/1/01, 25
Community Memorial Hospital, Turtle Lake, ND, 58575, 1/1/00, 25
Concho County Hospital, Eden, TX, 76837, 9/1/01, 16
Conejos County Hospital, La Jara, CO, 81140, 11/14/00, 17
Conemaugh Meyersdale Medical Center, Meyersdale, PA, 15552-1247, 7/1/01, 20
Cook Hospital, Cook, MN, 55723, 2/1/01, 14
Coon Memorial Hospital, Dalhart, TX, 79022, 4/1/02, 21
Cooperstown Medical Center, Cooperstown, ND, 58425, 7/1/00, 18
Copley Hospital, Morrisville, VT, 05661, 6/1/05, 25
Copper Queen Community Hospital, Bisbee, AZ, 85603, 12/8/05, 14
Coquille Valley Hospital, Coquille, OR, 97423, 3/1/03, 25
Cordell Memorial Hospital, Cordell, OK, 73632-2099, 12/1/03, 25
Cordova Community Medical Center, Cordova, AK, 99574, 7/1/03, 13
Coryell Memorial Healthcare System, Gatesville, TX, 76528, 9/15/09, 25
Coteau Des Prairies Hospital, Sisseton, SD, 57262, 1/1/09, 25
Cottage Hospital, Woodsville, NH, 03785-2001, 6/1/01, 25
Coulee Community Hospital, Grand Coulee, WA, 99133, 1/1/01, 15
Covington County Hospital, Collins, MS, 39428, 1/1/06, 25
Cox-Monett Hospital, Monette, MO, 65708, 9/30/05, 25
Cozad Community Hospital, Cozad, NE, 69130, 5/1/00, 21
Crane Memorial Hospital, Crane, TX, 79731, 3/1/04, 25
Crawford County Memorial Hospital, Denison, IA, 51442-2210, 3/1/05, 25
Crawford Memorial Hospital, Robinson, IL, 62454, 5/1/05, 25
Creek Nation Community Hospital, Okemah, OK, 74859, 11/1/05, 25
Creighton Area Health Services, Creighton, NE, 68729, 7/1/00, 23
Crete Area Medical Center, Crete, NE, 68333, 2/1/02, 25
Crook County Medical Services, Sundance, WY, 82729, 2/1/04, 16
Crosbyton Clinic Hospital, Crosbyton, TX, 79322, 11/1/03, 25
Crossing Rivers Health Medical Center, Prarie Du Chien, WI, 53821, 10/1/03, 18
CrossRidge Community Hospital, Wynne, AR, 72396, 7/1/00, 25
Crow Cheyenne Indian Hospital, Crow Agency, MT, 59022, 10/1/04, 24
Cuba Memorial Hospital, Cuba, NY, 14727, 2/1/99, 6
Culberson Hospital, Van Horn, TX, 79855, 6/1/03, 14
Cumberland County Hospital, Burkesville, KY, 42717, 8/1/03, 25
Cumberland Healthcare, Cumberland, WI, 54829, 8/19/05, 25
Curry General Hospital, Gold Beach, OR, 97444, 8/18/04, 24
Custer Regional Hospital, Custer, SD, 57730-1397, 7/1/01, 16
Cuyuna Regional Medical Center, Crosby, MN, 56441, 6/1/04, 25
Dahl Memorial Health Care Association, Ekalaka, MT, 59324, 10/1/99, 8
Dallas County Hospital, Perry, IA, 50220-2221, 7/1/01, 25
Dallas County Medical Center, Fordyce, AR, 71742, 10/1/02, 25
Daniels Memorial Healthcare Center, Scobey, MT, 59263, 7/1/05, 24
Davis County Hospital, Bloomfield, IA, 52537-1299, 10/1/01, 25
Dayton General Hospital, Dayton, WA, 99328, 1/1/00, 25
Decatur County Hospital, Leon, IA, 50144, 7/1/02, 25
Decatur County Memorial Hospital, Greensburg, IN, 47240, 12/1/05, 25
Decatur Health Systems Inc., Oberlin, KS, 67749, 1/3/03, 24
Deckerville Community Hospital, Deckerville, MI, 48427, 8/9/00, 15
Deer Lodge Medical Center, Deer Lodge, MT, 59722, 9/8/99, 19
Deer River Health Care Center, Deer River, MN, 56636, 10/1/04, 20
Delaware Valley Hospital, Walton, NY, 13856, 2/17/05, 25
Delta Community Medical Center, Delta, UT, 84624, 6/18/02, 20
Delta Memorial Hospital, Dumas, AR, 71639, 10/10/05, 25
DeQueen Medical Center, DeQueen, AR, 71832, 10/1/03, 25
DeQuincy Memorial Hospital, DeQuincy, LA, 70633, 2/1/02, 25
Desert View Regional Medical Center, Pahrump, NV, 89048, 12/1/06, 24
Dewitt Hospital and Nursing Home, Dewitt, AR, 72042, 11/1/01, 25
Dickenson Community Hospital, Clintwood, VA, 24228, 11/11/03, 25
Dimmit Regional Hospital, Carrizo Springs, TX, 78834, 10/18/17, 25
Doctor’s Memorial Hospital – Bonifay, Bonifay, FL, 32425, 7/1/02, 20
Door County Medical Center, Sturgeon Bay, WI, 54235, 6/13/06, 25
Douglas County Memorial Hospital, Armour, SD, 57313, 8/23/95, 11
Down East Community Hospital, Machias, ME, 04654, 8/1/05, 25
Dr. Dan Trigg Memorial Hospital, Tucumcari, NM, 88401, 3/15/00, 25
Dr. John Warner Hospital, Clinton, IL, 61727, 3/1/00, 25
Drumright Regional Hospital, Drumright, OK, 74030, 4/5/05, 15
Dukes Memorial Hospital, Peru, IN, 46970-1698, 12/1/03, 25
Dundy County Hospital, Benkelman, NE, 69021, 12/1/00, 14
East Adams Rural Hospital, Ritzville, WA, 99169-2298, 1/1/02, 20
East Morgan County Hospital, Brush, CO, 80723, 7/1/99, 25
East Texas Medical Center Quitman, Quitman, TX, 75783, 2/1/11, 25
Eastern Oklahoma Medical Center, Poteau, OK, 74953, 9/20/16, 25
Eastern Plumas District Hospital, Portola, CA, 96122, 10/24/00, 9
Eaton Rapids Medical Center, Eaton Rapids, MI, 48827, 9/1/05, 20
Edgefield County Hospital, Edgefield, SC, 29824, 11/1/04, 25
Edgerton  Hospital and Health Services, Edgerton, WI, 53534, 1/1/02, 25
Edward John Noble Hospital of Gouverneur, Gouverneur, NY, 13642, 8/27/13, 25
Edwards County Medical Center, Kinsley, KS, 67547, 2/24/99, 12
Effingham County Hospital, Springfield, GA, 31329, 5/15/00, 25
Electra Memorial Hospital, Electra, TX, 76360, 11/1/03, 25
Elizabethtown Community Hospital, Elizabethtown, NY, 12932, 3/1/00, 15
Ellenville Community Hospital, Ellenville, NY, 12428, 7/16/04, 25
Ellett Memorial Hospital, Appleton City, MO, 64724, 12/14/99, 12
Ellinwood District Hospital, Ellinwood, KS, 67526, 10/1/94, 25
Ellsworth County Medical Center, Ellsworth, KS, 67439, 9/1/00, 20
Ely-Bloomenson Community Hospital, Ely, MN, 55731-1198, 10/1/01, 25
Endless Mountains Health System, Montrose, PA, 18801, 2/1/04, 25
Ephraim McDowell Fort Logan Hospital, Stanford, KY, 40484, 9/1/03, 25
Ephraim McDowell James B. Haggin Hospital, Harrodsburg, KY, 40330, 11/1/00, 25
Erlanger Bledsoe Hospital, Pikeville, TN, 37367-0699, 11/29/01, 25
Erlanger Western Carolina Hospital, Murphy , NC, 28906, 11/7/14, 25
Essentia Health Ada, Ada, MN, 56510, 7/1/01, 25
Essentia Health Fosston, Fosston, MN, 56542, 8/1/04, 25
Essentia Health Northern Pines Medical Center, Aurora, MN, 55705, 7/1/02, 15
Essentia Health Sandstone, Sandstone, MN, 55072, 11/1/00, 25
Essentia Health St. Mary’s Hospital, Superior, WI, 54880, 8/1/03, 24
Estes Park Medical Center, Estes Park, CO, 80517, 6/1/01, 16
ETMC Pittsburg, Pittsburg, TX, 75686, 12/14/05, 25
Eureka Community Health Services, Eureka, SD, 57437, 8/8/96, 6
Eureka Springs Hospital, Eureka Springs, AR, 72632, 1/1/00, 22
Excelsior Springs Medical Center, Excelsior Springs, MO, 64024, 11/8/04, 25
Fairchild Medical Center, Yreka, CA, 96097, 2/1/05, 25
Fairfax Community Hospital, Fairfax, OK, 74637, 7/1/02, 15
Fairfield Memorial Hospital, Fairfield, IL, 62837-1298, 4/1/01, 25
Fairview Hospital, Fairview, OK, 73737, 1/1/05, 25
Fairview Hospital, Great Barrington, MA, 01230, 3/1/03, 25
Fall River Health Services, Hot Springs, SD, 57747, 6/27/01, 11
Fallon Medical Complex, Baker, MT, 59313-0820, 7/1/01, 25
Faulkton Area Medical Center, Faulkton, SD, 57438, 10/1/99, 12
Fayette County Hospital, Vandalia, IL, 62471, 4/1/05, 25
Fayette County Memorial Hospital, Washington, OH, 43160, 12/1/05, 25
Ferrell Hospital, Eldorado, IL, 62930-1634, 2/1/03, 25
Ferry County Memorial Hospital, Republic, WA, 99166-9701, 1/1/03, 25
Field Memorial Community Hospital, Centreville, MS, 39631, 10/1/02, 25
Fillmore Community Medical Center, Fillmore, UT, 84631, 8/12/02, 20
Fillmore County Hospital, Geneva, NE, 68361, 10/1/99, 25
First Care Health Center, Park River, ND, 58270, 1/1/02, 14
FirstLight Health System, Mora, MN, 55051, 4/1/05, 25
Fisher County Hospital District, Rotan, TX, 79546, 11/1/00, 14
Fishermen’s Hospital, Marathon, FL, 33050, 2/19/10, 25
Flambeau Medical Center, Park Falls, WI, 54552, 10/1/02, 25
Florida Hospital-Wauchula, Wauchula, FL, 33873, 5/1/00, 25
Floyd County Memorial Hospital, Charles City, IA, 50616, 3/1/03, 25
Floyd Valley Hospital, Le Mars, IA, 51031, 2/1/05, 25
Forks Community Hospital, Forks, WA, 98331, 1/1/03, 17
Fort Belknap Service Unit, Harlem, MT, 59526, 8/3/99, 6
Frances Mahon Deaconess Hospital, Glasgow, MT, 59230, 3/1/01, 25
Frank R. Howard Memorial Hospital, Willits, CA, 95490, 5/1/02, 25
Franklin County Medical Center, Preston, ID, 83263, 8/1/03, 20
Franklin County Memorial Hospital, Franklin, NE, 68939, 1/1/00, 15
Franklin County Memorial Hospital, Meadville, MS, 39653, 4/30/09, 23
Franklin Foundation Hospital, Franklin, LA, 70538, 4/1/03, 25
Franklin General Hospital, Hampton, IA, 50441, 8/1/00, 25
Franklin Hospital, Benton, IL, 62812, 8/21/02, 25
Franklin Regional Hospital, Franklin, NH, 03235, 7/1/04, 25
Fredonia Regional Hospital, Fredonia, KS, 66736, 1/1/05, 25
Freeman Neosho Hospital, Neosho, MO, 64850, 10/5/05, 25
Freeman Regional Health Services, Freeman, SD, 57029, 6/1/00, 25
Frio Regional Hospital, Pearsall, TX, 78061, 9/19/17, 22
Fulton County Health Center, Wauseon, OH, 43567, 12/31/05, 25
Fulton County Hospital, Salem, AR, 72576, 8/1/04, 25
Fulton County Medical Center, McConnellsburg, PA, 17233-1399, 8/1/01, 25
FW Huston Medical Center, Winchester, KS, 66097, 11/1/99, 25
Galion Community Hospital, Galion, OH, 44833, 10/1/04, 25
Garfield County Health Center, Jordan, MT, 59337, 10/1/99, 4
Garfield County Memorial Hospital, Pomeroy, WA, 99347, 8/26/99, 25
Garfield Memorial Hospital, Panguitch, UT, 84759, 1/24/17, 15
Garrison Memorial Hospital, Garrison, ND, 58540, 12/1/99, 22
Geisinger Jersey Shore Hospital, Jersey Shore, PA, 17740-1794, 7/1/01, 25
Genesis Medical Center, DeWitt, IA, 52742, 2/1/01, 13
Genoa Community Hospital, Genoa, NE, 68640, 1/1/00, 20
George E. Weems Hospital, Apalachicola, FL, 32320, 6/5/01, 25
Gibson Area Hospital &amp; Health Services, Gibson City, IL, 60936, 1/3/02, 25
Gibson General Hospital, Princeton, IN, 47670-1043, 12/16/03, 25
Gifford Medical Center, Randolph, VT, 05060, 6/1/01, 25
Girard Medical Center, Girard, KS, 66743, 6/1/05, 25
Glacial Ridge Hospital, Glenwood, MN, 56334, 12/1/05, 25
Glencoe Regional Health Services, Glencoe, MN, 55336, 9/1/04, 25
Glendive Medical Center, Glendive, MT, 59330, 1/1/03, 25
Glenn Medical Center, Willows, CA, 95988, 10/23/01, 15
Golden Plains Community Hospital, Borger, TX, 79007, 12/1/05, 25
Good Shepherd Medical Center, Hermiston, OR, 97838, 12/29/05, 25
Goodall Witcher Hospital, Clifton, TX, 76634, 9/9/15, 25
Goodland Regional Medical Center, Goodland, KS, 67735-1602, 4/1/04, 25
Gordon Memorial Health Services, Gordon, NE, 69343, 1/1/03, 25
Gothenberg Memorial Hospital, Gothenburg, NE, 69138, 2/1/00, 12
Gove County Medical Center, Quinter, KS, 67752-0129, 1/2/04, 25
Grace Cottage Hospital /Carlos G. Otis Health Care Center, Townshend, VT, 05353, 12/1/00, 15
Grafton City Hospital, Grafton, WV, 26354, 10/29/99, 25
Graham County Hospital, Hill City, KS, 67642, 9/1/00, 25
Grand River Medical Center, Rifle, CO, 81650, 1/1/03, 25
Grand View Hospital, Ironwood, MI, 49938, 9/1/05, 25
Grande Ronde Hospital, La Grande, OR, 97850, 8/1/04, 25
Granite County Medical Center, Philipsburg, MT, 59858, 10/1/99, 9
Granite Falls Municipal Hospital &amp; Manor, Granite Falls, MN, 56241, 10/1/02, 15
Grant Memorial Hospital, Petersburg, WV, 26847, 9/21/09, 25
Grant Regional Health Center, Lancaster, WI, 53813, 5/1/02, 15
Grape Community Hospital, Hamburg, IA, 51640, 8/1/01, 25
Greeley County Health Services, Tribune, KS, 67879, 6/1/03, 18
Greene County General Hospital, Linton, IN, 474419457, 2/1/03, 25
Greene County Hospital, Leakesville, MS, 39451, 1/1/06, 3
Greene County Medical Center, Jefferson, IA, 50129, 8/1/01, 25
Greenwood County Hospital, Eureka, KS, 67045, 10/5/01, 25
Grimes St.Joseph Health Center, Navasota, TX, 77868, 5/4/01, 25
Grisell Memorial Hospital, Ransom, KS, 67572, 12/1/98, 12
Gritman Medical Center, Moscow, ID, 83843, 11/1/04, 25
Grover C. Dils Medical Center, Caliente, NV, 89008, 2/18/10, 20
Grundy County Memorial Hospital, Grundy Center, IA, 50638, 2/1/00, 25
Gundersen Boscobel Area Hospital &amp; Clinics, Boscobel, WI, 53805, 10/1/04, 25
Gundersen Moundview Hospital &amp; Clinics, Friendship, WI, 53934, 4/1/01, 25
Gundersen St. Joseph’s Hospital &amp; Clinics, Hillsboro, WI, 54634, 3/8/00, 12
Gundersen Tri-County Hospital &amp; Clinics, Whitehall, WI, 54773, 9/23/01, 25
Gunnison Valley Hospital, Gunnison, UT, 84634, 12/30/05, 25
Gunnison Valley Hospital CAH, Gunnison, CO, 81230, 10/1/03, 24
Guthrie County Hospital, Guthrie Center, IA, 50115, 3/1/01, 25
Guthrie Troy Community Hospital, Troy, PA, 16947-0036, 7/1/02, 25
Guttenberg Municipal Hospital, Guttenberg, IA, 52052, 2/1/01, 25
Hale Ho’ola Hamakua, Honokaa, HI, 96727, 12/23/05, 4
Hamilton County Hospital, Syracuse, KS, 67878, 1/1/00, 25
Hamilton County Public Hospital, Webster City, IA, 50595, 9/1/04, 25
Hamilton General Hospital, Hamilton, TX, 76531, 9/1/18, 25
Hamilton Hospital, Olney, TX, 76374, 5/1/04, 25
Hamilton Memorial Hospital District, McLeansboro, IL, 62859-0429, 5/1/03, 25
Hammond Henry Hospital, Geneseo, IL, 61254, 6/4/02, 25
Hampshire Memorial Hospital, Romney, WV, 26757, 9/1/02, 14
Hancock County Memorial Hospital, Britt, IA, 50423, 8/1/00, 25
Hanover, Hanover, KS, 66945, 11/1/03, 16
Hans P. Peterson Memorial Hospital, Philip, SD, 57567, 2/1/01, 18
Hansen Family Hospital, Iowa Falls, IA, 50126, 12/1/05, 25
Hansford County Hospital, Spearman, TX, 79081, 10/1/03, 25
Harbor Beach Community Hospital Inc., Harbor Beach, MI, 48441, 3/1/01, 25
Hardeman County Memorial Hospital, Quanah, TX, 79252, 2/24/04, 24
Hardin County General Hospital, Rosiclare, IL, 62982, 7/9/03, 25
Hardin Memorial Hospital, Kenton, OH, 43326, 12/1/02, 25
Hardtner Medical Center, Olla, LA, 71465, 10/1/04, 25
Hardy Wilson Memorial Hospital, Hazelhurst, MS, 39083, 1/1/06, 25
Harlan County Health System, Alma, NE, 68920, 3/1/99, 25
Harmon Memorial Hospital, Hollis, OK, 73550, 11/18/16, 25
Harney District Hospital, Burns, OR, 97720, 10/10/01, 25
Harper County Memorial Hospital, Buffalo, OK, 73834-0060, 10/1/03, 25
Harper Hospital District #5, Harper, KS, 67058-1438, 1/1/04, 25
Harrison Community Hospital, Cadiz, OH, 43907, 4/1/02, 25
Harrison County Community Hospital, Bethany, MO, 64424, 10/1/01, 20
Harrison County Hospital, Corydon, IN, 47112, 12/15/05, 25
Haskell County Healthcare System, Stigler, OK, 74462, 7/1/10, 25
Haskell Memorial Hospital, Haskell, TX, 79521, 6/1/03, 25
Hawarden Community Hospital, Hawarden, IA, 51023, 11/2/00, 25
Haxtun Hospital District CAH, Haxtun, CO, 80731, 7/18/00, 25
Hayes Green Beach Memorial Hospital, Charlotte, MI, 48813, 11/1/05, 25
Hayward Area Memorial Hospital, Hayward, WI, 54843, 5/1/04, 25
HB Magruder Memorial Hospital, Port Clinton, OH, 43452, 12/1/02, 25
HC Watkins Memorial Hospital, Quitman, MS, 39355-2398, 1/1/04, 25
Healdsburg District Hospital, Healdsburg, CA, 95448, 12/1/05, 21
Healdton Municipal Hospital, Healdton, OK, 73438, 7/1/00, 22
Heart of America Medical Center, Rugby, ND, 58368, 9/1/07, 25
Heart of the Rockies Regional Medical Center, Salida, CO, 81201, 5/1/04, 25
Heber Valley Medical Center, Heber, UT, 84032, 12/14/05, 19
Hedrick Medical Center, Chillicothe, MO, 64601, 1/1/05, 25
Hegg Memorial CAH, Rock Valley, IA, 51247, 3/1/02, 25
Helen Newberry Joy Hospital, Newberry, MI, 49868, 1/1/00, 25
Henderson Community Hospital, Henderson, NE, 68371, 12/1/99, 13
Hendricks Community Hospital, Hendricks, MN, 56136, 7/1/02, 15
Hendry RMC, Clewiston, FL, 33440, 10/1/04, 25
Henry County Health Center, Mount Pleasant, IA, 52641, 5/1/04, 25
Henry County Hospital, Napoleon, OH, 43545, 4/1/02, 25
Herington Municipal Hospital, Herington, KS, 67449, 11/2/01, 25
Hermann Area District Hospital, Hermann, MO, 65041, 1/1/03, 24
Hiawatha Community Hospital, Hiawatha, KS, 66434, 1/1/02, 25
Hickman Community Hospital, Centerville, TN, 37033, 1/11/00, 25
Higgins General Hospital, Bremen, GA, 30110-2012, 9/1/01, 25
Highland District Hospital, Hillsboro, OH, 45133, 12/1/05, 25
Highlands-Cashiers Hospital, Highlands, NC, 28741, 3/1/04, 25
Hills &amp; Dales General Hospital, Cass City, MI, 48726, 1/1/04, 25
Hillsboro Area Hospital, Hillsboro, IL, 62049, 4/1/04, 25
Hillsboro Community Medical Center, Hillsboro, KS, 67063, 6/2/03, 25
Hillsboro Medical Center, Hillsboro, ND, 58045, 7/1/04, 20
Hocking Valley Community Hospital, Logan, OH, 43138, 4/1/05, 25
Hodgeman County Health Center, Jetmore, KS, 67854, 5/1/04, 13
Holdenville General Hospital, Holdenville, OK, 74848, 8/1/03, 25
Holton Community Hospital, Holton, KS, 66436, 10/12/99, 25
Holy Cross Hospital, Taos, NM, 87571, 7/20/17, 25
Holy Rosary Healthcare, Miles City, MT, 59301, 7/13/10, 25
Holy Trinity Hospital, Graceville, MN, 56240, 10/31/01, 25
Holzer Medical Center, Jackson, OH, 45640, 7/1/04, 25
Hood Memorial Hospital, Amite, LA, 70422, 4/1/03, 25
Hoopeston Regional Health Center, Hoopeston, IL, 60942-1871, 11/1/01, 25
Hopedale Medical Complex, Hopedale, IL, 61747, 10/1/03, 25
Hopi Health Care Center, Polacca, AZ, 86042, 11/22/02, 6
Horizon Health, Paris, IL, 61944, 6/30/02, 25
Horn Memorial Hospital, Ida Grove, IA, 51445-1699, 10/1/04, 25
Hospital District #6, Anthony, KS, 67003, 7/1/02, 25
Hot Springs County Memorial Hospital, Thermapolis, WY, 82443, 8/1/02, 25
Houlton Regional Hospital, Houlton, ME, 04730, 10/1/04, 25
Houston County Community Hospital, Erin, TN, 37061, 4/20/18, 25
Howard County Community Hospital, Saint Paul, NE, 68873, 10/1/00, 25
Howard Memorial Hospital, Nashville, AR, 71852, 2/1/01, 25
HSHS St. Clare Memorial Hospital, Oconto Falls, WI, 54154, 2/1/01, 25
Hu Hu Kam Memorial Hospital, Sacaton, AZ, 85247, 4/1/03, 15
Hudson Hospital, Hudson, WI, 54016, 5/1/04, 16
Huggins Hospital, Wolfeboro, NH, 03894, 4/1/05, 25
Humboldt County Memorial Hospital, Humboldt, IA, 50548, 2/1/02, 25
Humboldt General Hospital, Winnemucca, NV, 89445, 4/1/05, 22
Huron Regional Medical Center, Huron, SD, 57350, 7/1/04, 25
Illini Community Hospital, Pittsfield, IL, 62363-1397, 9/1/01, 25
Incline Village Community Hospital, Incline Village, NV, 89451, 12/1/00, 4
Indianhead Medical Center, Shell Lake, WI, 54871, 10/1/04, 25
Integris Marshall Memorial Hospital, Madill, OK, 73446, 3/1/04, 25
Ionia County Memorial Hospital, Ionia, MI, 48846, 12/1/05, 25
Iraan General Hospital District, Iraan, TX, 79744, 5/15/00, 13
Iron County Hospital, Pilot Knob, MO, 63663, 3/21/07, 15
IU Health Bedford Regional Medical Center, Bedford, IN, 47421, 10/1/05, 25
IU Health Blackford Community Hospital, Hartford City, IN, 47348, 2/1/00, 15
IU Health Jay Hospital, Portland, IN, 47371-1322, 1/1/04, 25
IU Health Paoli Hospital, Paoli, IN, 47454-0499, 7/1/01, 25
IU Health White Memorial Hospital, Monticello, IN, 47960, 4/1/02, 25
IU Tipton Hospital, Tipton, IN, 46072, 3/1/02, 25
J. Arthur Dosher Hospital, Southport, NC, 28461, 12/1/09, 25
Jackson County Hospital District, Edna, TX, 77957, 3/1/05, 25
Jackson County Public Hospital, Maquoketa, IA, 52060, 11/1/01, 25
Jackson General Hospital, Ripley, WV, 25271, 10/1/12, 25
Jackson Parish Hospital, Jonesboro, LA, 71251, 11/1/04, 25
Jacobson Memorial Hospital Care Center – CAH, Elgin, ND, 58533-0376, 7/1/01, 21
Jamestown Regional Medical Center, Jamestown, ND, 58401, 3/1/09, 25
Jane Phillips Nowata Health Center, Nowata, OK, 74048, 7/1/99, 25
Jane Todd Crawford Hospital, Greenburg, KY, 42743, 6/14/05, 25
Jasper County Hospital, Rensselaer, IN, 47978, 2/3/05, 25
Jasper Memorial Hospital, Monticello, GA, 31064, 1/1/00, 17
Jeferson Memorial Hospital, Ranson, WV, 25438, 12/15/05, 25
Jeff Davis Hospital, Hazlehurst, GA, 31539, 1/1/04, 25
Jefferson Community Health Center, Fairbury, NE, 68352, 4/1/00, 25
Jefferson County Hospital, Fairfield, IA, 52556, 11/1/04, 25
Jefferson County Hospital, Waurika, OK, 73573, 7/1/00, 25
Jefferson Davis Community Hospital, Prentiss, MS, 39474, 1/1/06, 25
Jefferson Healthcare, Port Townsend, WA, 98368-2443, 1/1/03, 20
Jenkins County Medical Center, Millen, GA, 30442, 12/7/00, 25
Jennie M. Melham Memorial Medical Center Inc., Broken Bow, NE, 68822, 12/30/05, 25
Jerold Phelps Community Hospital, Garberville, CA, 95542, 3/1/02, 16
Jewell County Hospital, Mankato, KS, 66956, 2/29/96, 12
John C. Fremont Hospital, Mariposa, CA, 95338, 7/1/01, 25
John C. Stennis Memorial Hospital, De Kalb, MS, 39328, 7/28/11, 25
Johnson County Community Hospital, Mountain City, TN, 37683, 9/13/01, 2
Johnson County Healthcare Center-CAH, Buffalo, WY, 82835, 7/1/03, 25
Johnson County Hospital, Tecumseh, NE, 68450-0599, 7/1/01, 18
Johnson Memorial Health Services, Dawson, MN, 56232, 10/1/01, 25
Johnston Memorial Hospital, Tishomingo, OK, 73460, 7/7/99, 25
Jones Regional Medical Center, Anamosa, IA, 52205, 7/1/00, 25
Ka`u Hospital, Pahala, HI, 96777, 7/1/01, 5
Kahuku Hospital, Kahuku, HI, 96731, 11/20/01, 13
Kalkaska Memorial Health Center, Kalkaska, MI, 49646, 12/1/99, 8
Kanakanak Hospital, Dillingham, AK, 99576, 10/1/04, 16
Kane County Hospital, Kanab, UT, 84741, 8/25/09, 25
Kauai Veterans Memorial Hospital, Waimea, HI, 96796, 4/11/01, 25
Kearney County Health Services, Minden, NE, 68959, 12/1/99, 25
Kearny County Hospital, Lakin, KS, 67860, 3/3/97, 25
Keefe Memorial Hospital, Cheyenne Wells, CO, 80810, 8/25/17, 25
Kelsey Memorial Hospital, Lakeview, MI, 48850, 3/15/04, 25
Kenmare Community Hospital, Kenmare, ND, 58746, 7/1/00, 25
Keokuk County Health Center, Sigourney, IA, 52591, 3/1/01, 25
Kern Valley Hospital District, Lake Isabella, CA, 93240-1628, 11/21/03, 25
Keweenaw Memorial Medical Center, Laurium, MI, 49913, 8/1/04, 25
Kimball Health Services, Kimball, NE, 69145, 12/1/99, 20
Kimble Hospital, Junction, TX, 76849, 5/1/00, 15
Kingman Community Hospital, Kingman, KS, 67068, 7/1/05, 25
Kiowa County Memorial Hospital, Greensburg, KS, 67054, 2/28/01, 25
Kiowa District Healthcare, Kiowa, KS, 67070, 1/31/01, 24
Kirby Medical Center, Monticello, IL, 61856, 8/8/99, 21
Kit Carson County Memorial Hospital, Burlington, CO, 80807, 1/1/02, 25
Kittitas Valley Community Hospital, Ellensburg, WA, 98926, 10/1/04, 25
Kittson Memorial Hospital, Hallock, MN, 56728, 4/1/02, 15
Klickitat Valley Hospital, Goldendale, WA, 98620-0005, 4/1/02, 25
Knoxville Aea Community Hospital, Knoxville, IA, 50138-3121, 12/1/03, 25
Kohala Hospital, Kapaau, HI, 96755, 7/1/01, 4
Kossuth Regional Health Center, Algona, IA, 50511, 10/1/03, 25
Kremmling Memorial Hospital, Kremmling, CO, 80459, 4/1/03, 25
Kula Hospital, Kula, HI, 96790, 12/23/05, 5
La Paz Regional Hospital, Parker, AZ, 85344, 10/24/13, 25
Lady of the Sea General Hospital, Cut Off, LA, 70345, 12/31/05, 25
Lafayette Regional Health Center, Lexington, MO, 64067, 9/1/04, 25
Laird Hospital, Union, MS, 39365, 11/30/04, 25
Lake Butler, Lake Butler, FL, 32054, 4/1/01, 25
Lake Chelan Community Hospital, Chelan, WA, 98816-0908, 10/1/04, 25
Lake District Hospital, Lakeview, OR, 97630, 12/5/01, 21
Lakeview Memorial Hospital, Two Harbors, MN, 55616, 11/1/00, 25
Lakewood Health Center, Baudette, MN, 56623, 7/29/99, 15
Lakewood Health System, Staples, MN, 56479, 3/12/02, 25
Lallie Kemp Medical Center, Independence, LA, 70443, 7/1/05, 25
Lana`I Community Hospital, Lanai City, HI, 96763, 12/9/01, 4
Landmann-Jungman Memorial Hospital, Scotland, SD, 57059, 10/1/00, 25
Lane County Hospital, Dighton, KS, 67839, 1/1/95, 10
Lavaca Medical Center, Hallettsville, TX, 77964, 12/29/05, 25
Lawrence County Hospital, Monticello, MS, 39654, 2/1/02, 25
Lawrence County Memorial Hospital, Lawrenceville, IL, 62439, 4/1/05, 25
Lawrence Memorial Hospital, Walnut Ridge, AR, 72476, 7/31/00, 25
Lead Deadwood Regional Hospital, Deadwood, SD, 57732, 5/1/01, 18
LECOM Health Corry Memorial Hospital, Corry, PA, 16407, 1/1/05, 25
Lewis County General Hospital, Lowville, NY, 13367, 3/5/14, 25
Lexington Regional Health Center, Lexington, NE, 68850, 12/1/05, 25
Liberty Medical Center, Chester, MT, 59522-0705, 4/1/03, 11
Liberty Regional Medical Center, Hinesville, GA, 31313, 9/30/04, 25
Liberty-Dayton Community Hospital, Liberty, TX, 77575, 12/30/05, 25
LifeBrite Community Hospital of Early, Blakely, GA, 39823, 5/1/01, 25
LifeBrite Community Hospital of Stokes, Danbury, NC, 27016, 7/1/04, 25
LifeCare Medical Center, Roseau, MN, 56751, 10/1/02, 15
Lillian Hudspeth Memorial Hospital, Sonora, TX, 76950, 8/1/01, 12
Limestone Medical Center, Groesbeck, TX, 76642, 1/11/00, 20
Lincoln Community Hospital and Nursing Home, Hugo, CO, 80821, 8/24/00, 15
Lincoln County Hospital, Lincoln, KS, 67455, 8/1/03, 14
Lincoln County Medical Center, Ruidoso, NM, 88345, 12/20/04, 25
Lincoln County Medical Center, Troy, MO, 63379, 9/1/04, 25
Lincoln Hospital, Davenport, WA, 99122, 8/1/00, 25
LincolnHealth – Miles Campus, Damariscotta, ME, 04543, 5/1/99, 25
Lindsborg Community Hospital, Lindsborg, KS, 67456, 7/1/03, 25
Linton Hospital, Linton, ND, 58552, 1/1/04, 14
Lisbon Medical Center, Lisbon, ND, 58054, 1/1/01, 25
Little Colorado Medical Center, Winslow, AZ, 86047, 11/1/04, 25
Little Falls Hospital, Little Falls, NY, 13365, 10/1/04, 25
Little River Memorial Hospital, Ashdown, AR, 71822, 3/1/04, 25
Littleton Regional Hospital, Littleton, NH, 03561-4101, 9/1/01, 25
Litzenberg Memorial Hospital, Central City, NE, 68826, 6/1/00, 20
Livingston Hospital and Healthcare Services, Salem, KY, 42078, 1/1/04, 25
Livingstone Healthcare, Livingston, MT, 59047-3727, 3/1/01, 25
Lodi Community Hospital, Lodi, OH, 44254, 3/1/01, 23
Logan County Health Services, Oakley, KS, 67748, 1/25/01, 25
Logan Hospital and Medical Center, Guthrie, OK, 73044, 4/1/02, 25
Loring Hospital, Sac City, IA, 50583, 3/1/05, 25
Lost Rivers District Hospital, Arco, ID, 83213, 9/29/03, 14
Lourdes Medical Center, Pasco, WA, 99301, 2/1/05, 25
Lower Umpqua Hospital, Reedsport, OR, 97467, 7/24/02, 24
Lucas County Health Center, Chariton, IA, 50049, 8/1/02, 25
Lynn County Hospital District, Tahoka, TX, 79373, 3/1/04, 24
Mackinac Straits Hospital, Saint Ignace, MI, 49781, 4/26/00, 15
Macon County General Hospital, La Fayette, TN, 37083-1799, 7/1/01, 25
Macon County Samaritan Memorial Hospital, Macon, MO, 63552, 11/1/01, 25
Madelia Community Hospital, Madelia, MN, 56062, 11/1/01, 25
Madison County Memorial Hospital, Madison, FL, 32340, 1/1/06, 25
Madison County Memorial Hospital, Winterset, IA, 50273, 10/1/01, 25
Madison Hospital, Madison, MN, 56256, 1/1/05, 25
Madison Medical Center, Fredrickton, MO, 63645, 7/1/00, 25
Madison Parish Hospital, Tullulah, LA, 71282, 1/1/05, 25
Madison Regional Health Services, Madison, SD, 57042, 12/1/02, 25
Madison St. Joseph Health Center, Madisonville, TX, 77864, 1/10/01, 25
Madison Valley Medical Center, Ennis, MT, 59729, 10/1/02, 9
Mahaska County Hospital, Oskaloosa, IA, 52577, 11/1/05, 25
Mahnomen Health Center, Mahnomen, MN, 56557, 4/26/99, 18
Mammoth Hospital, Mammoth Lakes, CA, 93546, 7/1/01, 17
Mangum City Hospital, Mangum, OK, 73554, 4/1/05, 24
Maniilaq Health Center, Kotzebue, AK, 99752, 2/1/05, 17
Manning General Hospital, Manning, IA, 51455, 12/1/01, 25
Marcum &amp; Wallace Memorial Hosptial, Irvine, KY, 40336, 7/13/00, 25
Marcus Daly Memorial Hospital, Hamilton, MT, 59840, 1/1/05, 25
Marengo Memorial Hospital, Marengo, IA, 52301, 3/13/01, 25
Margaret Mary Community Hospital, Batesville, IN, 47006, 12/31/05, 25
Margaretville Hospital, Margaretville, NY, 12455, 5/30/00, 15
Marias Medical Center, Shelby, MT, 59474, 10/1/02, 20
Mariners Hospital, Tavernier, FL, 33070, 3/31/10, 25
Mark Twain St. Joseph’s Hospital, San Andreas, CA, 95249, 8/6/10, 25
Marlette Community Hospital, Marlette, MI, 48453, 11/1/05, 25
Marshall Browning Hospital, DuQuoin, IL, 62832-2146, 1/1/04, 25
Marshall County Healthcare Center, Britton, SD, 57430, 3/1/00, 20
Marshall County Hospital, Benton, KY, 42025, 12/1/05, 25
Marshall Medical Center, Lewisburg, TN, 37091, 1/1/05, 25
Marshfield Medical Center Ladysmith, Ladysmith, WI, 54848, 3/1/03, 25
Martha’s Vineyard Hospital, Oak Bluffs, MA, 02557, 6/22/01, 19
Martin County Hospital District, Stanton, TX, 79782, 8/1/02, 25
Mary Breckenridge Hospital, Hyden, KY, 41749, 9/1/03, 25
Mary Breckinridge ARH Hospital, Hardinsburg, KY, 40143-2597, 12/1/03, 25
Mary Hurley Hospital, Coalgate, OK, 74538, 7/1/02, 20
Mason District Hospital, Havana, IL, 62644-0530, 7/1/01, 25
Mason General Hospital, Shelton, WA, 98584, 1/1/05, 25
Massac Memorial Hospital, Metropolis, IL, 62960-0850, 2/1/03, 25
Mayers Memorial Hospitals, Fall River Mills, CA, 96028, 11/1/01, 22
Mayo Clinic Health System Chippewa Valley, Bloomer, WI, 54724, 7/1/01, 25
Mayo Clinic Health System Franciscan Healthcare Sparta, Sparta, WI, 54656, 4/20/00, 25
Mayo Clinic Health System Northland, Barron, WI, 54812, 9/1/01, 25
Mayo Clinic Health System Oakridge, Osseo, WI, 54758, 11/4/99, 18
Mayo Clinic Health System Red Cedar, Menomonie, WI, 54751, 7/1/04, 25
Mayo Clinic Health System – Cannon Falls, Cannon Falls, MN, 55009, 7/1/03, 25
Mayo Clinic Health System – Lake City, Lake City, MN, 55041, 6/1/02, 15
Mayo Clinic Health System – New Prague, New Prague, MN, 56071, 12/1/04, 25
Mayo Clinic Health System – Springfield, Springfield, MN, 56087, 2/1/04, 25
Mayo Clinic Health System – St James, St. James, MN, 56081, 4/1/02, 25
Mayo Clinic Health System – Waseca, Waseca, MN, 56093, 3/1/03, 25
Mayo Regional Hospital Dover-Foxcroft, Dover-Foxcroft, ME, 04426, 10/1/04, 25
McCamey Hospital, McCamey, TX, 79752, 7/27/00, 14
McCone County Health Center, Circle, MT, 59215, 10/1/99, 8
McCulloch County Hospital, Brady, TX, 76825, 4/1/04, 25
McDowell ARH Hospital, McDowell, KY, 41647, 12/16/05, 25
McGehee Hospital, McGehee, AR, 71654, 7/1/00, 25
McKenzie County Memorial Hospital, Watford City, ND, 58854, 11/1/99, 24
McKenzie Memorial Hospital, Sandusky, MI, 48471, 10/1/02, 25
Meade District Hospital, Meade, KS, 67864, 1/13/00, 20
MedCentral Shelby Hospital, Shelby, OH, 44875, 8/2/04, 25
Medical Center of Izard County, Calico Rock, AR, 72519, 2/1/00, 25
Medical Center of Peach County, Navicent Health, Byron, GA, 31008, 11/15/00, 25
Medicine Lodge Memorial Hospital, Medicine Lodge, KS, 67104, 4/1/01, 25
Medina Memorial Hospital, Medina, NY, 14103, 1/26/15, 25
Medina Regional Hospital, Hondo, TX, 78861, 4/1/02, 25
Meeker County Memorial Hospital, Litchfield, MN, 55355, 2/1/05, 25
Melissa Memorial Hospital, Holyoke, CO, 80734, 8/3/00, 15
Memorial Community Hospital, Blair, NE, 68008, 10/1/03, 25
Memorial Health Care Systems, Seward, NE, 68434, 10/1/00, 25
Memorial Health System, Abilene, KS, 67410, 12/1/05, 25
Memorial Hospital, Aurora, NE, 68818, 4/1/00, 25
Memorial Hospital, Carthage, IL, 62321, 8/8/00, 25
Memorial Hospital, Dumas, TX, 79029, 8/23/13, 25
Memorial Hospital, North Conway, NH, 03860, 10/18/04, 25
Memorial Hospital, Seminole, TX, 79360, 10/1/04, 25
Memorial Hospital of Carbon County, Rawlings, WY, 82301, 7/1/10, 25
Memorial Hospital of Converse County, Douglass, WY, 82633, 4/18/02, 25
Memorial Hospital of Lafayette County, Darlington, WI, 53530, 4/1/01, 25
Memorial Hospital of Texas County, Guymon, OK, 73942, 6/14/17, 25
Memorial Hospital – Chester, Chester, IL, 62233, 9/1/04, 25
Memorial Medical Center, Ashland, WI, 54806, 10/1/07, 25
Memorial Medical Center, Neillsville, WI, 54456, 8/1/02, 25
Memorial Medical Center, Port Lavaca, TX, 77979, 8/1/04, 25
Memorial Medical Center, San Augustine, TX, 75972, 12/1/04, 18
Mendocino Coast District Hospital *, Fort Bragg, CA, 95437, 9/1/06, 25
Mercy Allen Medical Center, Oberlin, OH, 44074, 9/1/01, 25
Mercy Harvard Hospital, Harvard, IL, 60033, 7/1/04, 25
Mercy Health Love County, Marietta, OK, 73448, 7/1/99, 25
Mercy Health Partners Lakeshore Campus, Shelby, MI, 49455, 10/1/04, 24
Mercy Hospital, Devils Lake, ND, 58301, 3/1/08, 25
Mercy Hospital &amp; Health Care System, Moose Lake, MN, 55767-9405, 1/1/04, 25
Mercy Hospital Aurora, Aurora, MO, 65605, 5/13/04, 25
Mercy Hospital Berryville, Berryville, AR, 72616, 12/7/05, 25
Mercy Hospital Booneville, Booneville, AR, 72927, 7/2/03, 25
Mercy Hospital Carthage, Carthage, MO, 64836 , 2/5/15, 25
Mercy Hospital Cassville, Cassville, MO, 65625, 5/13/04, 18
Mercy Hospital Columbus, Columbus, KS, 66725, 1/29/96, 25
Mercy Hospital Kingfisher, Kingfisher, OK, 73750, 9/1/00, 25
Mercy Hospital of Franciscan Sisters, Oelwein, IA, 50662-2447, 7/1/02, 25
Mercy Hospital of Valley City, Valley City, ND, 58072, 1/1/02, 25
Mercy Hospital Ozark, Ozark, AR, 72949, 1/1/00, 25
Mercy Hospital Paris, Paris, AR, 72855, 7/1/99, 16
Mercy Hospital Waldron, Waldron, AR, 72958, 12/31/99, 24
Mercy Medical Center, Mt. Shasta, CA, 96067, 8/13/05, 25
Mercy Medical Center Centerville, Centerville, IA, 52544, 11/1/05, 25
Mercy Medical Center Dyersville, Dyersville, IA, 52040, 11/1/05, 25
Mercy Medical Center-New Hampton, New Hampton, IA, 50659, 11/1/01, 25
Mercy Memorial Hospital, Urbana, OH, 43078, 5/9/02, 25
Mercy St. Francis Hospital, Mountain View, MO, 65548, 12/19/05, 25
Mercy Walworth Hospital &amp; Medical Center, Lake Geneva, WI, 53147, 12/29/05, 6
Mercy Willard Hospital, Willard, OH, 44890, 4/25/02, 25
Merrill Pioneer Community Hospital, Rock Rapids, IA, 51246, 4/1/02, 25
Mesa View Regional Hospital, Mesquite, NV, 89027, 11/1/04, 25
Methodist Hospital Union County, Morganfield, KY, 42437, 1/1/01, 25
Mid Valley Hospital, Omak, WA, 98841-0793, 10/1/03, 20
Midmichigan Medical Center – Gladwin, Gladwin, MI, 48624, 7/1/05, 25
Midwest Medical Center, Galena, IL, 61036, 2/1/00, 25
Milbank Area Hospital Avera, Milbank, SD, 57252, 1/1/02, 25
Milford Valley Memorial Hospital, Milford, UT, 84751, 3/12/04, 25
Mille Lacs Health System, Onamia, MN, 56359, 10/1/04, 25
Miller County Hospital, Colquitt, GA, 39837, 2/24/00, 25
Millinocket Regional Hospital, Millinocket, ME, 04462, 11/1/02, 21
Mimbres General Hospital, Deming, NM, 88030, 8/27/13, 25
Mineral Community Hospital, Superior, MT, 59872, 12/1/02, 25
Miner’s Colfax Medical Center, Raton, NM, 87740, 10/20/10, 25
Minidoka Memorial Hospital, Rupert, ID, 83350, 10/1/01, 25
Minneola Healthcare, Minneola, KS, 67865, 2/1/04, 25
Minnesota Valley Health Center, Le Sueur, MN, 56058, 9/1/05, 25
Minnie Hamilton HealthCare Center, Grantsville, WV, 26147, 9/19/96, 18
Missouri Baptist Hospital Sullivan, Sullivan, MO, 63080, 8/27/13, 25
Missouri River Medical Center, Fort Benton, MT, 59442, 10/1/99, 11
Mitchell County Hospital, Camilla, GA, 31730, 5/1/03, 25
Mitchell County Hospital, Colorado City, TX, 79512, 10/1/03, 25
Mitchell County Hospital Health Systems, Beloit, KS, 67420, 3/1/05, 25
Mitchell County Regional Health Center, Osage, IA, 50461-1498, 7/1/01, 25
Moab Regional Hospital, Moab, UT, 84532, 4/30/03, 25
Mobridge Regional Hospital, Mobridge, SD, 57601, 1/1/02, 25
Modoc Medical Center, Alturas, CA, 96101, 10/9/08, 25
Mokoka`I General Hospital, Kaunakakai, HI, 96748, 11/1/01, 13
Monadnock Community Hospital, Peterborough, NH, 03458, 12/27/04, 25
Monroe County Hospital, Albia, IA, 52531, 7/1/02, 25
Monroe County Hospital, Forsyth, GA, 31029, 9/12/01, 25
Monroe Regional Hospital, Aberdeen, MS, 39730, 9/1/01, 25
Montfort Jones Memorial Hospital, Kosciuko, MS, 39090, 12/2/13, 25
Montgomery County Memorial Hospital, Red Oak, IA, 51566, 10/1/04, 25
Montgomery General Hospital, Montgomery, WV, 25136, 6/1/05, 25
Montgomery Memorial Hospital, Troy, NC, 27371, 4/1/99, 25
Monticello Big Lake Community Hospital, Monticello, MN, 55362, 2/1/05, 25
Morgan County ARH, West Liberty, KY, 41472, 2/1/01, 20
Morgan Memorial Hospital, Madison, GA, 30650, 12/20/99, 20
Morrill County Community Hospital, Bridgeport, NE, 69336, 3/1/00, 20
Morris County Hospital, Council Grove, KS, 66846, 7/1/05, 25
Morrison Community Hospital, Morrison, IL, 61270, 8/1/03, 25
Morrow County Hospital, Mount Gilead, OH, 43338-1027, 10/1/02, 15
Morton General Hospital, Morton, WA, 98356-0019, 7/1/02, 25
Mother Frances Hospital, Winnsboro, TX, 75494, 7/1/10, 25
Mother Frances Hospital-Jacksonville, Jacksonville, TX, 75766, 2/22/01, 10
Mount Ascutney Hospital and Health Center, Windsor, VT, 05089, 12/1/01, 25
Mount Desert Island Hospital, Bar Harbor, ME, 04609, 10/3/00, 25
Mount Edgecumbe Hospital, Sitka, AK, 99835, 11/5/15, 25
Mountain Lakes Medical Center, Clayton, GA, 30525, 10/1/04, 25
Mountains Community Hospital, Lake Arrowhead, CA, 92352, 7/1/02, 25
Mountainview Medical Center, White Sulphur Springs, MT, 59645, 10/1/99, 25
Mountrail County Medical Center, Stanley, ND, 58784, 8/1/99, 11
Mt. San Rafael Hospital, Trinidad, CO, 81082-2093, 1/1/04, 25
Mt.Grant General Hospital, Hawthorne, NV, 89415, 9/1/00, 11
Muenster Memorial Hospital, Muenster, TX, 76252, 12/1/02, 18
Muleshoe Area Medical Center, Muleshoe, TX, 79347, 12/31/05, 25
Munising Memorial Hospital, Munising, MI, 49862, 6/1/00, 25
Murray County Memorial Hospital, Slayton, MN, 56172, 12/1/01, 25
NE MT Health Services Trinity Hospital, Wolf Point, MT, 59201, 7/1/05, 22
Nell J. Redfield Memorial Hospital, Malad City, ID, 83252, 7/1/99, 11
Nelson County Health System, McVille, ND, 58254, 8/11/00, 19
Nemaha County Hospital, Auburn, NE, 68305, 5/1/00, 20
Nemaha Valley Community Hospital, Seneca, KS, 66538, 10/1/99, 24
Neosho Memorial Regional Medical Center, Chanute, KS, 66720, 9/1/05, 25
Ness County Hospital, Ness City, KS, 67560-1654, 7/1/01, 20
New London Hospital, New London, NH, 03257, 4/1/03, 25
New Ulm Medical Center, New Ulm, MN, 56073, 12/16/05, 25
Newman Memorial Hospital, Shattuck, OK, 73858, 1/26/16, 25
Newman Regional Hospital, Emporia, KS, 66801, 12/17/13, 25
Newport Hospital &amp; Health Services, Newport, WA, 99156-9046, 10/19/01, 24
Niobrara Health and Life Center, Lusk, WY, 82225, 8/15/05, 24
Niobrara Valley Hospital, Lynch, NE, 68746, 11/1/99, 20
Nor-Lea General Hospital, Lovington, NM, 88260, 8/1/02, 25
North Big Horn Hospital, Lovell, WY, 82431, 7/1/03, 15
North Caddo Memorial Hospital, Vivian, LA, 71082, 7/1/01, 25
North Canyon Medical Center, Gooding, ID, 83330, 5/18/99, 14
North Country Hospital and Health Center, Newport, VT, 05855, 12/2/04, 25
North Runnels Hospital, Winters, TX, 79567, 12/15/00, 25
North Shore Health, Grand Marais, MN, 55604, 10/1/01, 16
North Sunflower Medical Center, Ruleville, MS, 38771, 10/1/04, 25
North Valley Health Center, Warren, MN, 56762, 4/3/02, 15
North Valley Hospital, Tonasket, WA, 98855-0488, 11/1/02, 25
North Valley Hospital, Whitefish, MT, 59937, 11/1/03, 25
Northeast Medical Center, Bonham, TX, 75418, 12/12/05, 25
Northeastern Vermont Regional Hospital, St. Johnsbury, VT, 05819, 7/1/04, 25
Northern Cochise Community Hospital, Willcox, AZ, 85643-1009, 2/1/02, 24
Northern Inyo Hospital, Bishop, CA, 93514, 8/1/06, 25
Northern Rockies Medical Center, Cut Bank, MT, 59427-3331, 5/7/04, 20
Northstar Health System, Iron River, MI, 49935, 7/1/04, 25
Northwest Florida Community Hospital, Chipley, FL, 32428-, 6/1/03, 25
Northwest Medical Center, Albany, MO, 64402, 10/1/05, 25
Northwood Deaconess Health Center, Northwood, ND, 58267, 1/1/01, 12
Norton County Hospital, Norton, KS, 67654, 8/5/02, 25
Norton Sound Regional Hospital, Nome, AK, 99762, 11/1/03, 18
Noxubee General Hospital, Macon, MS, 39341, 10/1/02, 25
Oakland Mercy Memorial Hospital, Oakland, NE, 68045, 4/1/00, 23
Ocean Beach Hospital, Ilwaco, WA, 98624, 2/1/02, 15
Ochiltree General Hospital, Perryton, TX, 79070, 10/1/04, 25
Odessa Memorial Hospital, Odessa, WA, 99159, 1/1/01, 25
Ogallala Community Hosptial, Ogallala, NE, 69153, 8/1/02, 18
Ohio County Hospital, Hartford, KY, 42347, 8/1/04, 25
Ojai Valley Community Hospital, Ojai, CA, 93023, 2/19/14, 25
Okeene Municipal Hospital, Okeene, OK, 73763, 9/1/04, 25
Ontonagon Memorial Hospital, Ontonagon, MI, 49953, 6/7/00, 25
Optim Medical Center – Screven, Sylvania, GA, 30467, 11/10/00, 25
Optim Medical Center – Tattnall, Reidsville, GA, 30453, 3/1/02, 25
Orange City Hospital, Orange City, IA, 51041, 10/1/04, 25
Ortonville Area Health Services, Ortonville, MN, 56278, 10/1/02, 15
Osborne County Memorial Hospital, Osborne, KS, 67473, 10/1/03, 25
Osceola Community Hospital, Sibley, IA, 51249, 2/1/03, 25
Osceola Medical Center, Osceola, WI, 54020, 1/1/02, 23
OSF Holy Family Medical Center *, Monmouth, IL, 61462, 5/1/02, 25
OSF Saint Luke Medical Center, Kewanee, IL, 61443-2711, 2/1/03, 25
OSF Saint Paul Medical Center, Mendota, IL, 61342-1496, 1/15/01, 25
Osmond General Hospital, Osmond, NE, 68765, 5/1/01, 25
Othello Community Hospital, Othello, WA, 99344-1297, 7/1/02, 15
Ottawa County Health Center, Minneapolis, KS, 67467, 8/24/00, 25
Otto Kaiser Memorial Hospital, Kenedy, TX, 78119, 4/1/05, 25
Outer Banks Hospital, Nags Head, NC, 27959, 12/31/05, 19
Ozark Health Medical Center, Clinton, AR, 72031, 4/1/01, 25
Ozarks Community Hospital Gravette, Gravette, AR, 72736, 9/3/08, 25
O’ Conner Hospital, Delhi, NY, 13753, 7/12/00, 15
Page Memorial Hospital Inc., Luray, VA, 22835, 10/1/05, 25
Pagosa Mountain Hospital, Pagosa Springs, CO, 81147, 9/16/08, 11
Palacios Community Medical Center, Palacios, TX, 77465, 5/1/02, 17
Palmer Lutheran Health System, West Union, IA, 52175, 3/1/01, 25
Palo Alto County Hospital, Emmetsburg, IA, 50536, 8/1/04, 25
Pana Community Hospital, Pana, IL, 62557, 11/1/04, 25
Parker Indian Medical Center, Parker, AZ, 85344, 2/1/03, 20
Parkland Health Center, Bonne Terre, MO, 63628, 1/1/03, 3
Parkview Hospital, Wheeler, TX, 79096, 10/1/02, 16
Parkview LaGrange Hospital, LaGrange, IN, 46761, 2/1/05, 25
Parkview Wabash Hospital, Wabash, IN, 46992, 12/17/01, 25
Parmer County Community Hospital, Friona, TX, 79035, 12/1/99, 25
Paul Oliver Memorial Hospital, Frankfort, MI, 49635, 9/1/99, 8
Paulding County Hospital, Paulding, OH, 45879, 1/1/01, 25
Pawhuska Hospital Inc., Pawhuska, OK, 74056, 3/3/00, 25
Pawnee County Memorial Hospital, Pawnee City, NE, 68420, 11/1/99, 17
PeaceHealth Cottage Grove Community Medical Center, Cottage Grove, OR, 97424, 7/3/00, 11
PeaceHealth Ketchikan Medical Center, Ketchikan, AK, 99901, 8/21/06, 25
PeaceHealth Peace Harbor Medical Center, Florence, OR, 97439, 7/1/03, 21
Peacehealth Peace Island Medical Center, Friday Harbor, WA, 98250, 8/27/13, 10
PeaceHealth United General Hospital, Sedro Woolley, WA, 98284-0112, 1/1/04, 25
Pearl River County Hospital &amp; Nursing Home, Poplarville, MS, 39470, 11/10/10, 24
Pecos County Memorial Hospital, Fort Stockton, TX, 79735, 2/24/17, 25
Pella Regional Health Center, Pella, IA, 50219, 1/1/05, 25
Pembina County Memorial Hospital and Wedgewood Manor, Cavalier, ND, 58220, 10/1/01, 25
Pender Community Hospital, Pender, NE, 68047-0100, 7/1/01, 25
Pender Memorial Hospital, Burgaw, NC, 28425, 4/1/01, 25
Penn Highlands Brookville, Brookville, PA, 15825, 1/1/06, 25
Penn Highlands Elk, Saint Marys, PA, 15857, 11/1/15, 25
Penobscot Valley Hospital, Lincoln, ME, 04457, 8/1/00, 25
Perham Health, Perham, MN, 56573, 10/1/05, 25
Perkins County Health Services, Grant, NE, 69140, 9/1/02, 20
Perry County General Hospital, Richton, MS, 39476, 2/28/02, 23
Perry County Memorial Hospital, Perryville, MO, 63775, 10/1/01, 25
Perry County Memorial Hospital, Tell City, IN, 47586, 7/1/04, 25
Perry Memorial Hospital, Princeton, IL, 61356, 7/15/04, 25
Pershing General Hospital, Lovelock, NV, 89419, 4/1/01, 5
Pershing Memorial Hospital, Brookfield, MO, 64628, 7/1/01, 25
Petersburg Medical Center, Petersburg, AK, 99833, 7/1/01, 12
Phelps Memorial Health Center, Holdrege, NE, 68949, 12/1/05, 25
Phillips County Health Systems, Phillipsburg, KS, 67661, 4/1/03, 25
Phillips County Hospital, Malta, MT, 59538, 10/1/99, 6
Phoebe Worth Medical Center, Sylvester, GA, 31791, 9/1/02, 25
Physicians Hospital in Anadarko, Anadarko, OK, 73005, 9/1/00, 25
Piggott Community Hospital, Piggott, AR, 72454, 12/28/05, 25
Pike County Memorial Hospital, Louisiana, MO, 63353, 12/7/05, 25
Pikes Peak Regional Hospital, Woodland Park, CO, 80863, 7/8/08, 15
Pinckneyville Community Hospital District, Pinckneyville, IL, 62274, 2/6/01, 25
Pioneer Medical Center, Big Timber, MT, 59011, 10/1/99, 25
Pioneer Memorial Hospital, Viborg, SD, 57070, 3/1/02, 12
Pioneer Memorial Hospital &amp; Nursing Facility, Heppner, OR, 97836, 4/1/02, 12
Pioneers Medical Center, Meeker, CO, 81641, 1/1/08, 15
Pipestone County Medical Center, Pipestone, MN, 56164, 9/1/05, 25
Plains Memorial Hospital, Dimmit, TX, 79027, 4/1/04, 25
Plateau Medical Center, Oak Hill, WV, 25901, 9/17/04, 25
Platte County Memorial Hospital, Wheatland, WY, 82201, 10/1/02, 25
Platte Health Center-Avera, Platte, SD, 57369, 4/22/96, 15
Plumas District Hospital, Quincy, CA, 95971, 10/13/06, 25
Pocahontas Community Hospital, Pocahontas, IA, 50574, 6/1/00, 25
Pocahontas Memorial Hospital, Buckeye, WV, 24924, 7/1/04, 25
Pointe Coupee General Hospital, New Roads, LA, 70760, 11/1/04, 25
Polk Medical Center, Cedartown, GA, 30125, 5/1/03, 25
Pondera Medical Center, Conrad, MT, 59425, 6/1/02, 25
Pontotoc Health Services, Pontotoc, MS, 38863, 10/1/02, 25
Poplar Community Hospital, Poplar, MT, 59255, 8/9/99, 20
Porter Hospital, Middlebury, VT, 05753, 12/31/05, 25
Potomac Valley Hospital of WV, Keyser, WV, 26726, 9/1/04, 25
Powell Valley Hospital-CAH, Powell, WY, 82435, 9/29/03, 25
Power County Hospital District, American Falls, ID, 83211, 7/16/99, 10
Prague Municipal Hospital, Prague, OK, 74864, 3/1/99, 25
Prairie Community Hospital, Terry, MT, 59349, 10/1/99, 21
Prairie Ridge Hospital and Health Services, Elbow Lake, MN, 56531, 12/6/05, 20
Presentation Medical Center, Rolla, ND, 58367-7153, 7/1/01, 25
Preston Memorial Hospital, Kingwood, WV, 26537, 1/1/03, 25
Prevost Memorial Hospital, Donaldsonville, LA, 70346, 2/1/02, 25
ProMedica Defiance Regional Medical Center, Defiance, OH, 43512, 2/1/05, 25
ProMedica Fostoria Medical Center, Fostoria, OH, 44830, 4/1/03, 25
ProMedica Herrick Hospital, Tecumseh, MI, 49286, 12/31/05, 25
Prosser Memorial Hospital, Prosser, WA, 99350, 1/1/02, 25
Providence Hood River Memorial Hospital, Hood River, OR, 97031, 4/30/04, 25
Providence Kodiak Island Medical Center, Kodiak, AK, 99615, 6/1/03, 25
Providence Medical Center, Wayne, NE, 68787, 5/1/01, 25
Providence Mount Carmel Hospital, Colville, WA, 99114-0351, 6/1/03, 25
Providence Seaside Hospital, Seaside, OR, 97138, 9/1/00, 25
Providence Seward Medical &amp; Care Center, Seward, AK, 99664, 1/1/01, 6
Providence St. Joseph Hospital, Chewelah, WA, 99109-0197, 8/1/01, 25
Providence Valdez Medical Center, Valdez, AK, 99686, 8/1/00, 11
Prowers Medical Center, Lamar, CO, 81052, 8/1/04, 25
Pulaski Memorial Hospital, Winamac, IN, 46996, 10/1/00, 25
Pullman Regional Hospital, Pullman, WA, 99163-4742, 6/1/04, 25
Putnam County Hospital, Greencastle, IN, 46135, 12/31/05, 25
Putnam County Memorial Hospital, Unionville, MO, 63565, 8/1/00, 18
Putnam General Hospital, Eatonton, GA, 31024, 1/25/01, 25
Quincy Valley Medical Center, Quincy, WA, 98848, 10/1/02, 25
Rainy Lake Medical Center, International Falls, MN, 56649, 12/1/01, 25
Rangley District Hospital, Rangely, CO, 81648, 9/28/00, 25
Rankin County Hospital District, Rankin, TX, 79778, 3/1/02, 15
Rawlins County Health Center, Atwood, KS, 67730, 1/1/96, 24
Ray County Memorial Hospital, Richmond, MO, 64085, 8/1/05, 25
Reagan Memorial Hospital, Big Lake, TX, 76932, 1/1/00, 14
Red Bay Hospital, Red Bay, AL, 35582, 1/1/05, 25
Red Bud Regional Hospital, Red Bud, IL, 62278, 7/1/05, 25
Redbud Community Hospital, Clearlake, CA, 95422, 4/12/05, 25
Reddington-Fairview General Hospital, Skowhegan, ME, 04976, 12/1/05, 25
Redfield Community Memorial Hospital, Redfield, SD, 57469, 7/1/00, 25
Redwood Area Hospital, Redwood Falls, MN, 56283, 2/1/04, 25
Redwood Memorial Hospital, Fortuna, CA, 95540, 8/1/05, 25
Reedsburg Area Medical Center, Reedsburg, WI, 53959, 1/1/05, 25
Reeves County Hospital District, Pecos, TX, 79772, 9/19/07, 25
Reeves Memorial Medical Center, Bernice, LA, 71222, 12/30/05, 11
Refugio Memorial Hospital, Refugio, TX, 78377, 2/1/02, 20
Regional Health Services of Howard County, Cresco, IA, 52136, 11/1/01, 25
Regional Medical Center of NE Iowa, Manchester, IA, 52057, 8/1/02, 25
Regional West Garden County Health, Oshkosh, NE, 69154, 1/1/00, 20
Renville County Hospital, Olivia, MN, 56277, 10/1/00, 25
Republic County Hospital, Belleville, KS, 66935, 9/1/03, 25
Rhea Medical Center, Dayton, TN, 37321, 1/10/05, 25
Rice County Hospital District Number One, Lyons, KS, 67554, 1/1/01, 25
Rice Medical Center, Eagle Lake, TX, 77434, 11/1/00, 25
Richland Hospital, Richland Center, WI, 53581, 7/8/04, 25
Richland Parish Hospital, Delhi, LA, 71232, 10/1/05, 25
Ridgecrest Regional Hospital, Ridgecrest, CA, 93555, 8/27/13, 25
Ridgeview Sibley Medical Center, Arlington, MN, 55307, 2/1/01, 25
Ringgold County Hospital, Mount Ayr, IA, 50854, 9/1/05, 25
Rio Grande Hospital, Del Norte, CO, 81132, 7/1/99, 17
Ripon Medical Center, Ripon, WI, 54971, 4/1/02, 22
River Falls Area Hospital, River Falls, WI, 54022, 1/1/05, 25
River Hospital, Alexandria Bay, NY, 13607, 7/25/03, 15
River Valley Medical Center, Dardanelle, AR, 72834, 10/1/99, 25
Riverland Medical Center, Ferriday, LA, 71334, 11/1/04, 25
Riverside Medical Center, Franklinton, LA, 70438, 7/2/04, 25
Riverview Healthcare Association, Crookston, MN, 56716-1600, 11/1/01, 25
Riverview Regional Medical Center, Carthage, TN, 37030, 7/1/03, 25
Riverwood Healthcare Center, Aitkin, MN, 56431, 8/2/00, 24
River’s Edge Hospital &amp; Clinic, St. Peter, MN, 56082, 4/1/02, 17
Roane General Hospital, Spencer, WV, 25276, 2/16/99, 25
Rochelle Community Hospital, Rochelle, IL, 61068, 6/1/01, 25
Rock County Hospital, Bassett, NE, 68714, 7/1/00, 17
Roger Mills Memorial Hospital, Cheyenne, OK, 73628, 4/1/99, 15
Rollins Brook Community Hospital, Lampasas, TX, 76550, 6/4/01, 25
Rooks County Health Center, Plainville, KS, 67663, 1/1/97, 25
Roosevelt Medical Center, Culbertson, MT, 59218, 10/1/99, 10
Rosebud Health Care Center, Forsyth, MT, 59327, 8/1/02, 11
Roundup Memorial Hospital, Roundup, MT, 59072, 1/1/08, 11
Ruby Valley Hospital, Sheridan, MT, 59749, 9/1/01, 10
Rumford Community Hospital, Rumford, ME, 04276, 7/1/02, 25
Rush County Memorial Hospital, La Crosse, KS, 67548, 11/27/01, 24
Rush Memorial Hospital, Rushville, IN, 46173, 8/1/00, 25
Russell County Hospital, Russell Springs, KY, 42642, 12/25/05, 25
Russell Regional Hospital, Russell, KS, 67665, 12/1/02, 25
S.E. Lackey Memorial Hospital, Forest, MS, 39074, 9/11/00, 25
Sabetha Community Hospital, Sabetha, KS, 66534, 10/1/01, 25
Sabine County Hospital, Hemphill, TX, 75948, 12/1/04, 25
Sage Memorial Hospital, Ganado, AZ, 86505, 12/1/02, 25
Saint Alphonsus Medical Center – Baker City, Baker City, OR, 97814, 7/1/03, 25
Sakakawea Medical Center, Hazen, ND, 58545, 1/1/01, 25
Salem Memorial District Hospital, Salem, MO, 65560, 8/3/04, 25
Salem Township Hospital, Salem, IL, 62881, 5/1/05, 25
Samaritan Lebanon Community Hospital, Lebanon, OR, 97355, 6/1/05, 25
Samaritan North Lincoln Hospital, Lincoln City, OR, 97367, 9/1/00, 25
Samaritan Pacific Communities Hospital, Newport, OR, 97365, 7/1/03, 25
Samuel Mahelona Memorial Hospital, Kapaa, HI, 96746, 12/23/05, 14
Samuel Simmonds Memorial Hospital, Utqiagvik, AK, 99723, 10/1/07, 10
San Juan Hospital, Monticello, UT, 84535, 12/14/06, 25
Sanford Bagley Medical Center, Bagley, MN, 56621, 2/1/02, 25
Sanford Canby Medical Center, Canby, MN, 56220, 7/1/03, 25
Sanford Canton-Inwood Medical Center, Canton, SD, 57013-9404, 12/1/03, 22
Sanford Chamberlain Medical Center, Chamberlain, SD, 57325, 5/1/03, 25
Sanford Clear Lake Medical Center, Clear Lake, SD, 57226, 10/1/96, 20
Sanford Jackson Medical Center, Jackson, MN, 56143, 10/1/01, 20
Sanford Luverne Hospital, Luverne, MN, 56156, 7/1/05, 25
Sanford Medical Center Mayville, Mayville, ND, 58257, 10/1/00, 25
Sanford Sheldon Medical Center, Sheldon, IA, 51201, 12/1/05, 25
Sanford Thief River Falls Medical Center, Thief River Falls, MN, 56701, 12/31/05, 25
Sanford Tracy Medical Center, Tracy, MN, 56175, 4/11/00, 25
Sanford Vermillion Medical Center, Vermillion, SD, 57069, 11/1/04, 25
Sanford Webster Medical Center, Webster, SD, 57274, 5/1/99, 25
Sanford Westbrook Medical Center, Westbrook, MN, 56183, 4/11/00, 13
Sanford Wheaton Medical Center, Wheaton, MN, 56296, 7/1/00, 25
SANPETE VALLEY HOSPITAL, Mount Pleasant, UT, 84647-222, 12/26/03, 18
Santa Ynez Valley Cottage Hospital, Solvang, CA, 93463, 2/24/09, 10
Sarah D. Culbertson Memorial Hospital, Rushville, IL, 62681-1472, 5/1/04, 25
Satanta District Hospital, Satanta, KS, 67870, 7/19/00, 13
Saunders Medical Center, Wahoo, NE, 68066, 12/1/99, 16
Scheurer Hospital, Pigeon, MI, 48755, 7/1/00, 25
Schleicher County Medical Center, Eldorado, TX, 76936, 3/2/00, 14
Schoolcraft Memorial Hospital, Manistique, MI, 49854, 1/1/00, 25
Schuyler Hospital Inc., Montour Falls, NY, 14865, 8/24/05, 25
Scotland County Memorial Hospital, Memphis, MO, 63555, 7/1/01, 25
Scott County Hospital, Scott City, KS, 67871, 8/1/04, 25
Scott Memorial Hospital, Scottsburg, IN, 47170, 12/31/05, 25
Scott Regional Hospital, Morton, MS, 39117, 10/1/05, 25
SEARHC/Mt. Edgecumbe Hospital, Sitka, AK, 99835-7145, 7/1/01, 10
Sebasticook Valley Hospital, Pittsfield, ME, 04967, 10/1/05, 25
Sedan City Hospital, Sedan, KS, 67361, 6/8/99, 25
Sedgwick County Memorial, Julesburg, CO, 80737, 4/1/01, 25
Seiling Municipal Hospital, Seiling, OK, 73663, 9/1/05, 18
Selby General Hospital, Marietta, OH, 45750, 7/1/03, 25
Seneca District Hospital, Chester, CA, 96020, 9/26/07, 10
Seton Edgar B. Davis Hospital, Luling, TX, 78648, 12/28/05, 25
Seton Highland Lakes, Burnet, TX, 78611, 7/1/05, 25
SGMC – Lanier, Lakeland, GA, 31635, 7/1/02, 25
Shamrock General Hospital, Shamrock, TX, 79079, 4/16/03, 25
Shands at Starke, Starke, FL, 32091, 10/22/04, 25
Shands Live Oak, Live Oak, FL, 32060, 7/1/00, 15
Share Medical Center, Alva, OK, 73717, 7/13/18, 25
Shelby County Myrtue Memorial Hospital, Harlan, IA, 51537, 10/1/05, 25
Shenandoah County Hospital, Woodstock, VA, 22664, 8/1/04, 25
Shenandoah Memorial Hospital, Shenandoah, IA, 51601, 1/1/05, 25
Sheridan Community Hospital, Sheridan, MI, 48884, 9/1/00, 25
Sheridan County Health Complex, Hoxie, KS, 67740, 6/19/02, 25
Sheridan Memorial Hospital, Plentywood, MT, 59254, 1/1/02, 19
Shoshone Medical Center, Kellogg, ID, 83837, 12/1/00, 25
Sidney Health Center, Sidney, MT, 59270, 9/1/05, 25
Sidney Regional Health Center, Sidney, NE, 69162, 11/1/02, 25
Sierra Vista Hospital, Truth or Consequences, NM, 87901, 3/21/00, 25
Simpson General Hospital, Mendenhall, MS, 39114, 9/30/04, 25
Sioux Center Community Hospital, Sioux Center, IA, 51250, 3/1/03, 25
Sioux Valley Memorial Hospital, Cherokee, IA, 51012, 10/1/04, 25
Sistersville General Hospital, Sistersville, WV, 26175, 7/3/96, 12
Skyline Hospital, White Salmon, WA, 98672, 3/1/02, 25
Sleepy Eye Municipal Hospital, Sleepy Eye, MN, 56085, 2/1/02, 25
SMC Regional Medical Center, Osceola, AR, 72370, 10/1/02, 25
Smith County Memorial Hospital, SmithCenter, KS, 66967, 7/1/05, 25
Snoqualmie Valley Hospital, Snoqualmie, WA, 98065, 12/1/05, 11
Socorro General Hospital, Socorro, NM, 87801, 2/24/00, 25
Soldiers and Sailors Memorial Hospital, Penn Yan, NY, 14527, 10/13/05, 25
South Bighorn County Hospital, Basin, WY, 82426, 1/6/01, 6
South Lincoln Medical Center, Kemmerer, WY, 83101, 7/1/09, 16
South Lyon Medical Center, Yerington, NV, 89447, 5/19/16, 14
South Peninsula Hospital, Homer, AK, 99603, 8/7/08, 21
Southeast Colorado Hospital, Springfield, CO, 81073, 3/1/01, 23
Southern Coos Hospital and Health Center, Bandon, OR, 97411, 11/6/00, 19
Southern Inyo District Hospital, Lone Pine, CA, 93545, 4/1/01, 4
Southwest Georgia Regional Medical Center, Cuthbert, GA, 39840, 6/25/99, 25
Southwest HC Services, Bowman, ND, 58623, 1/1/01, 23
Southwest Health Center Inc, Platteville, WI, 53818, 11/1/05, 25
Southwest Iowa Regional Medical Center, Creston, IA, 50801, 12/1/04, 25
Soutwest Memorial Hospital, Cortez, CO, 81321, 8/22/08, 25
Spanish Peaks Regional Health Center, Walsenburg, CO, 81089, 6/28/02, 25
Sparta Community Hospital, Sparta, IL, 62286-1820, 11/1/05, 25
Speare Memorial Hospital, Plymouth, NH, 03264, 5/5/05, 25
Spectrum Health Gerber Memorial, Fremont, MI, 49412, 7/1/14, 25
Spectrum Health Reed City Campus, Reed City, MI, 49677, 2/4/05, 25
Spooner Health System, Spooner, WI, 54801, 2/12/04, 25
Springfield Hospital, Springfield, VT, 05156, 12/1/05, 25
St. Aloisius Medical Center, Harvey, ND, 58341, 2/1/02, 25
St. Andrews Health Center, Bottineau, ND, 58318, 7/1/00, 25
St. Anne General Hospital, Raceland, LA, 70394, 12/31/05, 25
St. Charles-Madras, Madras, OR, 97741, 9/18/05, 25
St. Charles-Prineville, Prineville, OR, 97754, 2/20/03, 25
St. Croix Regional Medical Center, Saint Croix Falls, WI, 54024, 4/7/04, 9
St. Elizabeth Community Hospital, Enumclaw, WA, 98022, 11/1/04, 25
St. Elizabeth Grant, Williamstown, KY, 41097-9460, 6/1/01, 25
St. Elizabeth Medical Center, Wabasha, MN, 55981, 5/1/02, 25
St. Francis Hospital, Escanaba, MI, 49829, 6/26/12, 25
St. Francis Hospital, Litchfield, IL, 62056, 12/21/05, 25
St. Francis Medical Center, Breckenridge, MN, 56520, 11/1/05, 25
St. Francis Memorial Hospital, West Point, NE, 68788, 4/1/00, 25
St. Gabriel’s Hospital, Little Falls, MN, 56345, 7/1/05, 25
St. Genevieve County Memorial Hospital, St. Genevieve, MO, 63670, 10/1/05, 25
St. James Parish Hospital, Lutcher, LA, 70071, 8/1/01, 25
St. Johns Sapulpa, Sapulpa, OK, 74066, 8/10/00, 25
St. John’s Lutheran Hospital, Libby, MT, 59923, 10/1/01, 25
St. Joseph Berea, Berea, KY, 40403, 12/1/05, 25
St. Joseph Hospital, Buckhannon, WV, 26201, 4/2/14, 25
St. Joseph Medical Center, Polson, MT, 59860, 1/4/05, 22
St. Joseph Memorial Hospital, Murphysboro, IL, 62966, 5/1/04, 25
St. Josephs Hospital and Health Center, Dickinson, ND, 58601, 7/1/09, 25
St. Joseph’s Area Health Servcies, Park Rapids, MN, 56470, 12/31/05, 25
St. Joseph’s Hospital, Highland, IL, 62249, 6/1/04, 25
St. Luke Community Hospital, Ronan, MT, 59864, 6/1/02, 25
St. Luke Hospital and Living Center, Marion, KS, 66861, 2/14/03, 22
St. Lukes Hospital, Columbus, NC, 28722, 9/1/05, 25
St. Luke’s Elmore Medical Center, Mountain Home, ID, 83647, 8/1/00, 25
St. Luke’s Hospital, Crosby, ND, 58730, 1/2/02, 25
St. Luke’s Jerome Medical Center, Jerome, ID, 83338, 7/1/00, 23
St. Luke’s McCall Medical Center, McCall, ID, 83638, 10/1/00, 15
St. Luke’s Wood River Medical Center, Ketchum, ID, 83340, 8/16/03, 25
St. Martin Parish Hospital, Breaux Bridge, LA, 70517-3852, 7/1/01, 25
St. Mary’s Good Samaritan Hospital, Greensboro, GA, 30642, 2/1/03, 25
St. Mary’s Hospital and Clinics, Cottonwood, ID, 83522, 2/1/03, 23
St. Michael’s Hospital-Avera, Tyndall, SD, 57066, 3/1/02, 25
St. Vincent Clay Hospital, Brazil, IN, 47834-2675, 8/3/01, 25
St. Vincent Dunn Memorial Hospital, Bedford, IN, 47421, 12/31/05, 25
St. Vincent Frankfort Hospital, Frankfort, IN, 46041, 1/21/03, 25
St. Vincent General Hospital District, Leadville, CO, 80461, 5/2/03, 25
St. Vincent Jennings Community Hospital, Inc., North Vernon, IN, 47265, 3/1/00, 25
St. Vincent Mercy Hospital, Elwood, IN, 46036, 7/2/01, 25
St. Vincent Randolph Hospital, Winchester, IN, 47394, 9/9/99, 25
St. Vincent Salem, Salem, IN, 47167, 12/1/02, 15
St. Vincent Warrick Hospital, Boonville, IN, 47601, 3/1/05, 25
St. Vincent Williamsport Hospital, Williamsport, IN, 47993-0215, 7/1/01, 16
St. Vincent’s Blount, Oneonta, AL, 35121, 5/1/99, 25
St.Helena Parish Hospital CAH, Greensburg, LA, 70441, 12/1/99, 25
St.Mary’s Hospital, Nebraska City, NE, 68410, 12/1/00, 18
Stafford County Hospital, Stafford, KS, 67578, 4/13/00, 25
Standish Community Hospital, Standish, MI, 48658, 2/9/00, 25
Stanton County Hospital, Johnson, KS, 67855, 1/1/02, 18
Star Valley Hospital, Afton, WY, 83110, 8/11/04, 16
Steele Memorial Hospital, Salmon, ID, 83467, 12/14/99, 18
Stephens Memorial Hospital, Norway, ME, 04268, 12/1/10, 25
Stevens Community Medical Center, Morris, MN, 56267, 12/1/04, 25
Stevens County Hospital, Hugoton, KS, 67951-8511, 5/3/01, 25
Stewart Memorial Community Hospital, Lake City, IA, 51449, 7/1/03, 25
Stillwater Community Hospital, Columbus, MT, 59019-0959, 10/1/02, 13
Stone County Hospital, Wiggins, MS, 39577, 12/6/01, 25
Stone County Medical Center, Mountain View, AR, 72560, 10/1/00, 25
Stonewall Jackson Hospital, Lextington, VA, 24450, 8/1/04, 25
Stonewall Memorial Hospital, Aspermont, TX, 79502, 3/1/01, 20
Story County Medical Center, Nevada, IA, 50201, 11/30/01, 25
Stoughton Hospital, Stoughton, WI, 53589, 10/1/04, 25
Stroud Regional Medical Center, Stroud, OK, 74079, 4/1/01, 25
Sturgis Regional Hospital, Sturgis, SD, 57785, 5/1/01, 25
Sullivan County Community Hospital, Sullivan, IN, 47882, 6/1/05, 25
Sullivan County Memorial Hospital, Milan, MO, 63556, 11/1/00, 25
Summers County Appalachian Regional Hospital, Hinton, WV, 25951, 1/31/01, 25
Summersville Regional Medical Center, Summersville, WV, 26651, 2/1/19, 25
Summit Pacific Medical Center, Elma, WA, 98541, 7/1/00, 15
Sumner County District No. 1 Hospital, Caldwell, KS, 67022, 1/1/01, 25
Sunnyside Community Hospital, Sunnyside, WA, 98944, 1/19/04, 25
Surprise Valley Community Hospital, Cedarville, CA, 96104, 3/1/02, 4
Sutter Lakeside Hospital, Lakeport, CA, 95453, 6/17/08, 25
Swain County Hospital, Bryson City, NC, 28713, 10/11/99, 25
Sweeny Community Hospital, Sweeny, TX, 77480, 9/21/00, 20
Swift County Benson Hospital, Benson, MN, 56215, 2/1/05, 25
Swisher Memorial Hospital, Tulia, TX, 79088, 2/1/04, 20
Syracuse Area Health, Syracuse, NE, 68446, 1/1/00, 10
Syringa General Hospital, Grangeville, ID, 83530, 2/1/01, 16
Tahoe Forest Hospital, Truckee, CA, 96160, 7/1/07, 25
Tallahatchie General Hospital, Charleston, MS, 38921, 2/1/02, 9
Taylorville Memorial Hospital, Taylorville, IL, 62568, 9/1/04, 25
Tehachapi Hospital, Tehachapi, CA, 93581, 4/1/01, 24
Teton Medical Center, Choteau, MT, 59422, 10/1/99, 12
Teton Valley Hospital, Driggs, ID, 83422, 10/3/00, 13
Thayer County Health Services, Hebron, NE, 68370, 11/10/99, 19
The Bucktail Medical Center, Renovo, PA, 17764-1618, 9/1/01, 17
The Medical Center at Caverna, Horse Cave, KY, 42749, 10/1/02, 25
The Medical Center at Franklin, Franklin, KY, 42135, 9/2/03, 25
The Medical Center of Scottsville, Scottsville, KY, 42164, 7/1/05, 25
The Memorial Hospital, Craig, CO, 81625, 3/1/02, 25
The University of Kansas Health System Pawnee Valley Campus, Larned, KS, 67550, 4/7/02, 25
ThedaCare Medical Center – New London, New London, WI, 54961, 1/1/03, 25
ThedaCare Medical Center – Shawano, Shawano, WI, 54166, 9/1/04, 25
ThedaCare Medical Center – Waupaca, Waupaca, WI, 54981, 3/6/04, 25
ThedaCare Medical Center – Wild Rose, Wild Rose, WI, 54984, 12/1/99, 25
ThedaCare Medical Center- Berlin, Berlin, WI, 54923, 12/1/05, 25
Thomas H. Boyd Memorial Hospital, Carrollton, IL, 62016, 7/12/99, 25
Three Rivers Hospital, Brewster, WA, 98812-0577, 12/1/02, 20
Three Rivers Hospital, Waverly, TN, 37185-2149, 11/1/00, 25
Throckmorton County Memorial Hospital, Throckmorton, TX, 76483, 5/1/03, 14
Tillamook Regional Medical Center, Tillamook, OR, 97141-3430, 1/29/04, 25
Tioga Medical Center, Tioga, ND, 58852, 7/1/99, 25
Tippah County Hospital, Ripley, MS, 38663, 3/11/94, 25
Titusville Area Hospital, Titusville , PA, 16354 , 11/11/14, 21
Tomah Memorial Hospital, Tomah, WI, 54660, 4/1/02, 20
Towner County Medical Center, Cando, ND, 58324, 7/1/07, 20
Transylvania Hospital, Brevard, NC, 28712, 7/28/04, 25
Trego County Lemke Memorial Hospital, Wakeeny, KS, 67672, 4/1/03, 25
Tri County Hospital, Wadena, MN, 56482, 8/1/04, 25
Tri Valley Health Systems, Cambridge, NE, 69022-0488, 6/1/01, 25
Tri-State Memorial Hospital, Clarkston, WA, 99403, 8/1/04, 25
Trigg County Hospital, Cadiz, KY, 42211, 11/1/00, 25
Trinity Hospital, Weaverville, CA, 96093, 12/1/04, 25
Trinity Twin City Hospital, Dennison, OH, 44621, 1/1/01, 25
Tristar Ashland City  Medical Center, Ashland City, TN, 37015, 2/17/05, 8
Trousdale Medical Center, Hartsville, TN, 37074, 3/14/00, 25
Tyler Holmes Community Hospital, Winona, MS, 38967, 10/1/03, 25
Tyrone Hospital, Tyrone, PA, 16686, 8/1/04, 25
UHHS Conneaut Medical Center, Conneaut, OH, 44030, 1/1/02, 25
UHHS Geneva Medical Center, Geneva, OH, 44041, 1/1/02, 25
Union County General Hospital, Clayton, NM, 88415, 3/19/01, 25
Union County Hospital, Anna, IL, 62906, 1/1/05, 25
Union General Hospital, Farmerville, LA, 71241, 7/25/00, 25
Union Hospital Clinton, Clinton, IN, 47842-0349, 3/1/05, 25
United Hospital District, Blue Earth, MN, 56013, 7/1/05, 25
Unity Medical Center, Grafton, ND, 58237, 11/1/01, 17
University of Mississippi Medical Center Holmes County, Lexington, MS, 39095, 10/1/04, 25
Upland Hills Health, Dodgeville, WI, 53533, 1/1/05, 25
UPMC Cole, Coudersport, PA, 16915, 8/1/07, 25
UPMC Susquehanna Muncy, Muncy, PA, 17756-8700, 7/1/01, 25
UPMC Susquehanna Soldiers and Sailors, Wellsboro, PA, 16901, 11/10/16, 25
Upper Connecticut Valley Hospital, Colebrook, NH, 03576, 4/1/01, 16
Uvalde Memorial Hospital, Uvalde, TX, 78801, 7/18/16, 25
Valley County Health System, Ord, NE, 68862-1675, 12/1/01, 25
Valley Regional Hospital, Claremont, NH, 03743, 10/1/04, 25
Valley West Hospital, Sandwich, IL, 60548, 8/2/04, 25
Valor Health, Emmett, ID, 83617, 10/1/01, 16
Van Buren County Hospital, Keosauqua, IA, 52565, 5/1/02, 25
Vernon Memorial Hospital, Viroqua, WI, 54665, 10/19/04, 12
Veterans Memorial Hospital, Waukon, IA, 52172, 2/28/01, 25
Vidant Bertie Hospital, Windsor, NC, 27983, 6/15/99, 6
Vidant Chowan Hospital, Edenton, NC, 27932, 5/27/04, 25
Virginia Gay Hospital, Vinton, IA, 52349, 5/1/03, 25
W.J. Mangold Memorial Hospital, Lockney, TX, 79241, 4/10/03, 25
Wabash General Hospital, Mount Carmel, IL, 62863-2698, 6/1/03, 25
Wagner Community Memorial Hospital, Wagner, SD, 57380, 7/1/00, 20
Waldo County General Hospital, Belfast, ME, 04915, 8/1/05, 25
Wallowa Memorial Hospital, Enterprise, OR, 97828, 9/17/01, 25
Walthall County General Hospital, Tylertown, MS, 39667, 10/1/05, 25
Wamego Health Center, Wamego, KS, 66547, 10/1/01, 25
War Memorial Hospital, Berkeley Springs, WV, 25411, 11/1/00, 25
Ward Memorial Hospital, Monahans, TX, 79756, 12/31/05, 25
Warm Springs Medical Center, Warm Springs, GA, 31830, 4/1/01, 25
Warren Memorial Hospital, Friend, NE, 68359, 7/1/00, 14
Washakie Medical Center, Worland, WY, 82401, 1/1/03, 25
Washington County Hospital, Chatom, AL, 36518, 11/1/02, 25
Washington County Hospital, Nashville, IL, 62263, 12/1/00, 25
Washington County Hospital, Washington, IA, 52353, 12/1/02, 25
Washington County Hospital, Washington, KS, 66968, 1/1/03, 25
Washington County Memorial Hospital, Potosi, MO, 63664-1499, 6/1/01, 25
Watonga Municipal Hospital, Watonga, OK, 73772, 3/1/99, 25
Waupun Memorial Hospital, Waupun, WI, 53963, 2/1/03, 25
Waverly Municipal Health Center, Waverly, IA, 50677, 7/1/02, 25
Wayne County, Monticello, KY, 42633, 12/6/04, 25
Wayne County Hospital, Corydon, IA, 50060, 8/1/04, 25
Weatherford Regional Hospital, Weatherford, OK, 73096, 10/1/03, 25
Webster County Community Hospital, Red Cloud, NE, 68970, 2/1/00, 16
Webster County Memorial Hospital, Webster Springs, WV, 26288, 4/1/99, 15
Weeks Medical Center, Lancaster, NH, 03584, 8/1/01, 25
Weisbrod Memorial County Hospital, Eads, CO, 81036, 7/1/02, 8
Weiser Memorial Hospital, Weiser, ID, 83672, 5/1/00, 25
Wellmont Hancock County Hospital, Sneedville, TN, 37869, 6/6/05, 10
Wellstar Sylvan Grove Hospital, Jackson, GA, 30233-1599, 8/28/01, 25
West Feliciana Parish Hospital, Saint Francisville, LA, 70775, 1/1/02, 22
West Holt Memorial Hospital, Atkinson, NE, 68713, 12/1/00, 18
West Park Hospital, Cody, WY, 82414, 6/1/04, 25
West River Regional Medical Center, Hettinger, ND, 58639, 4/1/05, 25
West Valley Hospital, Dallas, OR, 97338, 12/27/01, 15
Western Wisconsin Health, Baldwin, WI, 54002, 10/1/04, 25
Westfields Hospital, New Richmond, WI, 54017, 8/1/04, 25
Weston County Health Services, Newcastle, WY, 82701, 7/1/02, 25
Wheatland Memorial Hospital, Harlowton, MT, 59036, 10/1/01, 25
Whidbey General Hospital, Coupeville, WA, 98239, 12/31/05, 25
White Mountain Regional Medical Center, Springerville, AZ, 85938, 8/26/08, 20
Whitman Hospital &amp; Medical Center, Colfax, WA, 99111-9552, 8/1/03, 25
Wichita County Health Center, Leoti, KS, 67861, 9/6/95, 13
Wickenburg Community Hospital, Wickenburg, AZ, 85390, 11/1/01, 19
Willapa Harbor Hospital, South Bend, WA, 98586, 4/1/00, 15
William Bee Ririe Hospital, Ely, NV, 89301, 2/1/01, 25
William Newton Hospital, Winfield, KS, 67156, 12/31/05, 25
Williamsburg Regional Hospital, Kingstree, SC, 29556, 1/12/10, 25
Wills Memorial Hospital, Washington, GA, 30673, 5/1/02, 25
Wilson Medical Center, Neodesha, KS, 66757-0360, 3/1/02, 25
Windom Area Hospital, Windom, MN, 56101, 3/1/02, 25
Winkler County Memorial Hospital, Kermit, TX, 79745, 10/26/00, 25
Winner Regional Healthcare Center, Winner, SD, 57580, 4/1/04, 25
Winneshiek County Memorial Hospital, Decorah, IA, 52101, 5/1/05, 25
Winnie Community Hospital, Winnie, TX, 77665, 2/11/02, 25
Wishek Community Hospital and Clinics, Wishek, ND, 58495, 11/1/01, 24
Woodlawn Hospital, Rochester, IN, 46975, 10/1/02, 25
Wrangell Medical Center, Wrangell, AK, 99929, 7/1/02, 8
Wray Community District Hospital, Wray, CO, 80758, 1/1/01, 15
Wright Medical Center, Clarion, IA, 50525, 1/1/00, 25
Wright Memorial Hospital, Trenton, MO, 64683-0648, 7/1/01, 25
Wyandot Memorial Hospital, Upper Sandusky, OH, 43351, 3/1/05, 25
Yoakum Community Hospital, Yoakum, TX, 77995-4198, 1/1/04, 25
Yoakum County Hospital, Denver City, TX, 79323, 8/1/00, 24
York General Hospital, York, NE, 68467, 8/1/00, 25
Yuma District Hospital, Yuma, CO, 80759, 7/1/02, 22
